YEAR,QUARTER,UNIQUE_CARRIER,AIRLINE_ID,UNIQUE_CARRIER_NAME,CARRIER,CARRIER_NAME,CARRIER_GROUP_NEW,Open,High,Low,Close,Adj Close,Volume
1995,1,AS,19930,Alaska Airlines Inc.,AS,Alaska Airlines Inc.,3,3.75,4.1875,3.375,3.96875,3.568943,34114400
1995,2,AS,19930,Alaska Airlines Inc.,AS,Alaska Airlines Inc.,3,3.90625,4.59375,3.625,4.5625,4.10288,38378800
1995,3,AS,19930,Alaska Airlines Inc.,AS,Alaska Airlines Inc.,3,4.5625,5.34375,3.5,3.9375,3.540842,53847200
1995,4,AS,19930,Alaska Airlines Inc.,AS,Alaska Airlines Inc.,3,3.875,4.71875,3.40625,4.0625,3.65325,42737600
1996,1,AS,19930,Alaska Airlines Inc.,AS,Alaska Airlines Inc.,3,4.0625,6.9375,3.96875,6.6875,6.013811,78786000
1996,2,AS,19930,Alaska Airlines Inc.,AS,Alaska Airlines Inc.,3,6.71875,7.6875,6.0625,6.84375,6.154319,57680000
1996,3,AS,19930,Alaska Airlines Inc.,AS,Alaska Airlines Inc.,3,6.875,7.03125,4.78125,5.34375,4.805427,66792000
1996,4,AS,19930,Alaska Airlines Inc.,AS,Alaska Airlines Inc.,3,5.34375,6.28125,5.15625,5.25,4.721122,40092400
1997,1,AS,19930,Alaska Airlines Inc.,AS,Alaska Airlines Inc.,3,5.28125,6.90625,5.1875,6.40625,5.760893,55950000
1997,2,AS,19930,Alaska Airlines Inc.,AS,Alaska Airlines Inc.,3,6.34375,6.5625,5.75,6.40625,5.760893,45251600
1997,3,AS,19930,Alaska Airlines Inc.,AS,Alaska Airlines Inc.,3,6.375,8.328125,6.3125,8.21875,7.390803,51100800
1997,4,AS,19930,Alaska Airlines Inc.,AS,Alaska Airlines Inc.,3,8.234375,10.03125,7.5,9.6875,8.711594,76335200
1998,1,AS,19930,Alaska Airlines Inc.,AS,Alaska Airlines Inc.,3,9.875,15.25,9.5625,13.546875,12.182178,109868400
1998,2,AS,19930,Alaska Airlines Inc.,AS,Alaska Airlines Inc.,3,13.59375,15.640625,10.78125,13.640625,12.266487,100652800
1998,3,AS,19930,Alaska Airlines Inc.,AS,Alaska Airlines Inc.,3,13.703125,15.296875,8.15625,8.515625,7.657771,86599200
1998,4,AS,19930,Alaska Airlines Inc.,AS,Alaska Airlines Inc.,3,8.28125,11.453125,6.5,11.0625,9.94808,111520800
1999,1,AS,19930,Alaska Airlines Inc.,AS,Alaska Airlines Inc.,3,11.125,13.671875,10.65625,11.875,10.678727,90221200
1999,2,AS,19930,Alaska Airlines Inc.,AS,Alaska Airlines Inc.,3,11.9375,12.984375,9.5,10.4375,9.386041,62934800
1999,3,AS,19930,Alaska Airlines Inc.,AS,Alaska Airlines Inc.,3,10.375,11.65625,9.5,10.171875,9.147174,47506400
1999,4,AS,19930,Alaska Airlines Inc.,AS,Alaska Airlines Inc.,3,10.15625,10.953125,8.296875,8.78125,7.896639,58918400
2000,1,AS,19930,Alaska Airlines Inc.,AS,Alaska Airlines Inc.,3,8.875,9.21875,6.3125,7.515625,6.758512,85395600
2000,2,AS,19930,Alaska Airlines Inc.,AS,Alaska Airlines Inc.,3,7.5,8.296875,6.609375,6.78125,6.098114,64944400
2000,3,AS,19930,Alaska Airlines Inc.,AS,Alaska Airlines Inc.,3,6.796875,7.234375,5.78125,6,5.395567,48521200
2000,4,AS,19930,Alaska Airlines Inc.,AS,Alaska Airlines Inc.,3,5.96875,7.9375,4.875,7.4375,6.688256,56653600
2001,1,AS,19930,Alaska Airlines Inc.,AS,Alaska Airlines Inc.,3,7.375,8.8125,6.1,6.425,5.777754,48223600
2001,2,AS,19930,Alaska Airlines Inc.,AS,Alaska Airlines Inc.,3,6.425,7.375,6.15,7.225,6.497163,30878800
2001,3,AS,19930,Alaska Airlines Inc.,AS,Alaska Airlines Inc.,3,7.1625,8.415,4.35,4.9925,4.489561,53594000
2001,4,AS,19930,Alaska Airlines Inc.,AS,Alaska Airlines Inc.,3,4.9925,7.775,4.815,7.275,6.542126,86691200
2002,1,AS,19930,Alaska Airlines Inc.,AS,Alaska Airlines Inc.,3,7.2875,8.475,6.9875,8.3225,7.484102,53407200
2002,2,AS,19930,Alaska Airlines Inc.,AS,Alaska Airlines Inc.,3,8.3,8.3075,6.1875,6.525,5.86768,43780800
2002,3,AS,19930,Alaska Airlines Inc.,AS,Alaska Airlines Inc.,3,6.5275,6.8075,4.06,4.425,3.979231,59046000
2002,4,AS,19930,Alaska Airlines Inc.,AS,Alaska Airlines Inc.,3,4.4,5.93,3.415,5.4125,4.867251,85185200
2003,1,AS,19930,Alaska Airlines Inc.,AS,Alaska Airlines Inc.,3,5.455,6.0875,3.82,3.915,3.520608,94304400
2003,2,AS,19930,Alaska Airlines Inc.,AS,Alaska Airlines Inc.,3,3.9775,5.495,3.8725,5.3625,4.822289,70719200
2003,3,AS,19930,Alaska Airlines Inc.,AS,Alaska Airlines Inc.,3,5.3625,7.44,5.205,6.955,6.254362,104000800
2003,4,AS,19930,Alaska Airlines Inc.,AS,Alaska Airlines Inc.,3,6.9875,7.965,6.19,6.8225,6.135209,74281200
2004,1,AS,19930,Alaska Airlines Inc.,AS,Alaska Airlines Inc.,3,6.88,7.3175,5.575,6.165,5.543946,67292400
2004,2,AS,19930,Alaska Airlines Inc.,AS,Alaska Airlines Inc.,3,6.15,6.7925,4.815,5.9675,5.366342,104874800
2004,3,AS,19930,Alaska Airlines Inc.,AS,Alaska Airlines Inc.,3,5.9675,6.425,4.685,6.195,5.570924,88949200
2004,4,AS,19930,Alaska Airlines Inc.,AS,Alaska Airlines Inc.,3,6.225,8.4175,5.7325,8.3725,7.529067,135436000
2005,1,AS,19930,Alaska Airlines Inc.,AS,Alaska Airlines Inc.,3,8.425,8.5,6.8625,7.36,6.618563,94419600
2005,2,AS,19930,Alaska Airlines Inc.,AS,Alaska Airlines Inc.,3,7.36,7.875,6.3875,7.4375,6.688256,98960400
2005,3,AS,19930,Alaska Airlines Inc.,AS,Alaska Airlines Inc.,3,7.475,8.93,7.095,7.265,6.533132,105373600
2005,4,AS,19930,Alaska Airlines Inc.,AS,Alaska Airlines Inc.,3,7.3475,9.465,7.055,8.93,8.030404,120300800
2006,1,AS,19930,Alaska Airlines Inc.,AS,Alaska Airlines Inc.,3,8.9575,9.0475,7.36,8.8625,7.969702,181511600
2006,2,AS,19930,Alaska Airlines Inc.,AS,Alaska Airlines Inc.,3,8.975,10.135,8.465,9.855,8.862221,174088400
2006,3,AS,19930,Alaska Airlines Inc.,AS,Alaska Airlines Inc.,3,9.8875,10.2725,8.4,9.51,8.551974,129812800
2006,4,AS,19930,Alaska Airlines Inc.,AS,Alaska Airlines Inc.,3,9.5675,11.4625,9.375,9.875,8.880206,171176800
2007,1,AS,19930,Alaska Airlines Inc.,AS,Alaska Airlines Inc.,3,10.0625,11.13,9.14,9.525,8.565463,112112800
2007,2,AS,19930,Alaska Airlines Inc.,AS,Alaska Airlines Inc.,3,9.55,9.7475,6.475,6.965,6.263355,194163600
2007,3,AS,19930,Alaska Airlines Inc.,AS,Alaska Airlines Inc.,3,7,7.2725,5.375,5.7725,5.190986,182690000
2007,4,AS,19930,Alaska Airlines Inc.,AS,Alaska Airlines Inc.,3,5.7725,7,5.2875,6.2525,5.622631,196559600
2008,1,AS,19930,Alaska Airlines Inc.,AS,Alaska Airlines Inc.,3,6.205,7.14,4.36,4.905,4.410877,220333600
2008,2,AS,19930,Alaska Airlines Inc.,AS,Alaska Airlines Inc.,3,4.9975,5.75,3.835,3.835,3.448667,176192800
2008,3,AS,19930,Alaska Airlines Inc.,AS,Alaska Airlines Inc.,3,3.78,6.17,2.525,5.0975,4.583984,290186400
2008,4,AS,19930,Alaska Airlines Inc.,AS,Alaska Airlines Inc.,3,5.195,7.435,3.2225,7.3125,6.575849,263720000
2009,1,AS,19930,Alaska Airlines Inc.,AS,Alaska Airlines Inc.,3,7.315,7.7375,3.4025,4.3925,3.950006,251057600
2009,2,AS,19930,Alaska Airlines Inc.,AS,Alaska Airlines Inc.,3,4.3725,5.52,3.6325,4.565,4.105128,213164000
2009,3,AS,19930,Alaska Airlines Inc.,AS,Alaska Airlines Inc.,3,4.5375,6.9975,4.4825,6.6975,6.022804,129055200
2009,4,AS,19930,Alaska Airlines Inc.,AS,Alaska Airlines Inc.,3,6.6875,9.12,6.2275,8.64,7.769618,127210000
2010,1,AS,19930,Alaska Airlines Inc.,AS,Alaska Airlines Inc.,3,8.705,10.6475,7.81,10.3075,9.269139,149098000
2010,2,AS,19930,Alaska Airlines Inc.,AS,Alaska Airlines Inc.,3,10.3975,13.5325,9.2575,11.2375,10.105451,165232400
2010,3,AS,19930,Alaska Airlines Inc.,AS,Alaska Airlines Inc.,3,11.3575,13.665,10.5,12.7575,11.472328,135374000
2010,4,AS,19930,Alaska Airlines Inc.,AS,Alaska Airlines Inc.,3,12.9325,14.8975,11.215,14.1725,12.744781,92900000
2011,1,AS,19930,Alaska Airlines Inc.,AS,Alaska Airlines Inc.,3,14.375,16.25,14.0375,15.855,14.257788,99877600
2011,2,AS,19930,Alaska Airlines Inc.,AS,Alaska Airlines Inc.,3,15.995,17.5175,14.75,17.115,15.390858,79878000
2011,3,AS,19930,Alaska Airlines Inc.,AS,Alaska Airlines Inc.,3,17.1675,17.6525,12.9475,14.0725,12.654853,108366400
2011,4,AS,19930,Alaska Airlines Inc.,AS,Alaska Airlines Inc.,3,13.9175,19.285,12.775,18.772499,16.881378,116959600
2012,1,AS,19930,Alaska Airlines Inc.,AS,Alaska Airlines Inc.,3,19.1075,19.8825,16.842501,17.91,16.10577,118220000
2012,2,AS,19930,Alaska Airlines Inc.,AS,Alaska Airlines Inc.,3,17.875,18.309999,15.645,17.950001,16.141741,109826600
2012,3,AS,19930,Alaska Airlines Inc.,AS,Alaska Airlines Inc.,3,18.059999,19.23,16.344999,17.530001,15.764055,93057400
2012,4,AS,19930,Alaska Airlines Inc.,AS,Alaska Airlines Inc.,3,17.469999,22.575001,17.285,21.545,19.374586,85675000
2013,1,AS,19930,Alaska Airlines Inc.,AS,Alaska Airlines Inc.,3,22.014999,32.275002,21.66,31.98,28.758381,86174200
2013,2,AS,19930,Alaska Airlines Inc.,AS,Alaska Airlines Inc.,3,31.875,34,25.155001,26,23.380791,131630800
2013,3,AS,19930,Alaska Airlines Inc.,AS,Alaska Airlines Inc.,3,26.1,32.369999,25.58,31.309999,28.246378,101657800
2013,4,AS,19930,Alaska Airlines Inc.,AS,Alaska Airlines Inc.,3,31.43,39.264999,30.129999,36.685001,33.18269,88620800
2014,1,AS,19930,Alaska Airlines Inc.,AS,Alaska Airlines Inc.,3,36.665001,46.974998,36.275002,46.654999,42.332851,92991000
2014,2,AS,19930,Alaska Airlines Inc.,AS,Alaska Airlines Inc.,3,46.365002,50.490002,43.91,47.525002,43.235088,96164600
2014,3,AS,19930,Alaska Airlines Inc.,AS,Alaska Airlines Inc.,3,47.625,50.139999,41.84,43.540001,39.719635,84412500
2014,4,AS,19930,Alaska Airlines Inc.,AS,Alaska Airlines Inc.,3,43.139999,60.939999,40.689999,59.759998,54.637875,99192500
2015,1,AS,19930,Alaska Airlines Inc.,AS,Alaska Airlines Inc.,3,60.540001,71.400002,57.709999,66.18,60.700481,92863600
2015,2,AS,19930,Alaska Airlines Inc.,AS,Alaska Airlines Inc.,3,65.330002,68.68,58.150002,64.43,59.270786,82861600
2015,3,AS,19930,Alaska Airlines Inc.,AS,Alaska Airlines Inc.,3,65.550003,82.779999,58.919998,79.449997,73.272888,89109100
2015,4,AS,19930,Alaska Airlines Inc.,AS,Alaska Airlines Inc.,3,78.879997,87.169998,72.889999,80.510002,74.444641,82761800
2016,1,AS,19930,Alaska Airlines Inc.,AS,Alaska Airlines Inc.,3,79.160004,83.089996,61.580002,82.019997,76.130363,86034700
2016,2,AS,19930,Alaska Airlines Inc.,AS,Alaska Airlines Inc.,3,81.260002,83.260002,54.509998,58.290001,54.332859,137589500
2016,3,AS,19930,Alaska Airlines Inc.,AS,Alaska Airlines Inc.,3,58.240002,71.629997,56.450001,65.860001,61.645355,89463700
2016,4,AS,19930,Alaska Airlines Inc.,AS,Alaska Airlines Inc.,3,65.599998,91.889999,65.599998,88.730003,83.365074,74005400
2017,1,AS,19930,Alaska Airlines Inc.,AS,Alaska Airlines Inc.,3,88.919998,101.43,86.220001,92.220001,86.912971,83069500
2017,2,AS,19930,Alaska Airlines Inc.,AS,Alaska Airlines Inc.,3,92.419998,93.160004,82.029999,89.760002,84.901253,83223600
2017,3,AS,19930,Alaska Airlines Inc.,AS,Alaska Airlines Inc.,3,90.269997,95.75,71.169998,76.269997,72.412956,87012000
2017,4,AS,19930,Alaska Airlines Inc.,AS,Alaska Airlines Inc.,3,76.300003,82.68,61.099998,73.510002,70.109283,120350900
2018,1,AS,19930,Alaska Airlines Inc.,AS,Alaska Airlines Inc.,3,74.040001,75.459999,59.25,61.959999,59.380783,158809800
2018,2,AS,19930,Alaska Airlines Inc.,AS,Alaska Airlines Inc.,3,61.669998,70.25,57.529999,60.389999,58.19606,142449800
2018,3,AS,19930,Alaska Airlines Inc.,AS,Alaska Airlines Inc.,3,60.169998,70.75,57.970001,68.860001,66.686646,98416600
2018,4,AS,19930,Alaska Airlines Inc.,AS,Alaska Airlines Inc.,3,68.709999,74.830002,57.419998,60.849998,59.208126,117451000
2019,1,AS,19930,Alaska Airlines Inc.,AS,Alaska Airlines Inc.,3,59.93,67.639999,53.389999,56.119999,54.894367,106595600
2019,2,AS,19930,Alaska Airlines Inc.,AS,Alaska Airlines Inc.,3,56.299999,64,56.110001,63.91,62.866917,74188400
2019,3,AS,19930,Alaska Airlines Inc.,AS,Alaska Airlines Inc.,3,64.099998,66.519997,57.119999,64.910004,64.222992,63385500
2019,4,AS,19930,Alaska Airlines Inc.,AS,Alaska Airlines Inc.,3,65.449997,72.220001,61.150002,67.75,67.36795,54755700
2020,1,AS,19930,Alaska Airlines Inc.,AS,Alaska Airlines Inc.,3,68.150002,68.790001,20.02,28.469999,28.469999,143827700
2020,2,AS,19930,Alaska Airlines Inc.,AS,Alaska Airlines Inc.,3,26.92,50.810001,23.389999,36.259998,36.259998,245460900
2020,3,AS,19930,Alaska Airlines Inc.,AS,Alaska Airlines Inc.,3,37.18,43.939999,33.220001,36.630001,36.630001,148944300
2020,4,AS,19930,Alaska Airlines Inc.,AS,Alaska Airlines Inc.,3,37.09,54.959999,35.060001,52,52,136563400
2021,1,AS,19930,Alaska Airlines Inc.,AS,Alaska Airlines Inc.,3,52.169998,73.75,48.09,69.209999,69.209999,116992600
2021,2,AS,19930,Alaska Airlines Inc.,AS,Alaska Airlines Inc.,3,69.669998,74.25,59.830002,60.310001,60.310001,99446500
2021,3,AS,19930,Alaska Airlines Inc.,AS,Alaska Airlines Inc.,3,60.860001,62.849998,51.75,58.599998,58.599998,116164300
2021,4,AS,19930,Alaska Airlines Inc.,AS,Alaska Airlines Inc.,3,60.529999,63.759998,46.259998,52.099998,52.099998,120150800
2022,1,AS,19930,Alaska Airlines Inc.,AS,Alaska Airlines Inc.,3,52.860001,61.07,43.459999,58.009998,58.009998,135318400
2022,2,AS,19930,Alaska Airlines Inc.,AS,Alaska Airlines Inc.,3,58.360001,61.549999,38.189999,40.049999,40.049999,120051100
2022,3,AS,19930,Alaska Airlines Inc.,AS,Alaska Airlines Inc.,3,40.25,48.759998,38.439999,39.150002,39.150002,94407500
2022,4,AS,19930,Alaska Airlines Inc.,AS,Alaska Airlines Inc.,3,39.349998,47.990002,38.720001,42.939999,42.939999,88832500
2023,1,AS,19930,Alaska Airlines Inc.,AS,Alaska Airlines Inc.,3,43.52,53.959999,37.200001,41.959999,41.959999,95241800
2023,2,AS,19930,Alaska Airlines Inc.,AS,Alaska Airlines Inc.,3,42.259998,53.400002,41.25,53.18,53.18,97901000
2023,3,AS,19930,Alaska Airlines Inc.,AS,Alaska Airlines Inc.,3,53.07,57.18,36.150002,37.080002,37.080002,116034500
2023,4,AS,19930,Alaska Airlines Inc.,AS,Alaska Airlines Inc.,3,37.040001,41.220001,30.75,39.07,39.07,230435000
2024,1,AS,19930,Alaska Airlines Inc.,AS,Alaska Airlines Inc.,3,38.689999,43.27,33.240002,42.990002,42.990002,150089400
2007,1,G4,20368,Allegiant Air,G4,Allegiant Air,2,28.360001,36.509998,25.83,31.5,25.514221,6250200
2007,2,G4,20368,Allegiant Air,G4,Allegiant Air,2,31.5,35.650002,27.530001,30.74,24.89864,9731400
2007,3,G4,20368,Allegiant Air,G4,Allegiant Air,2,30.84,34,27.559999,30.32,24.558443,6095800
2007,4,G4,20368,Allegiant Air,G4,Allegiant Air,2,30.299999,38.740002,29.9,32.139999,26.0326,6175500
2008,1,G4,20368,Allegiant Air,G4,Allegiant Air,2,32.07,32.459999,19.969999,26.42,21.399544,9194000
2008,2,G4,20368,Allegiant Air,G4,Allegiant Air,2,26.860001,28.93,18.52,18.59,15.057433,13326700
2008,3,G4,20368,Allegiant Air,G4,Allegiant Air,2,18.26,35.939999,15.89,35.32,28.608326,22124800
2008,4,G4,20368,Allegiant Air,G4,Allegiant Air,2,34.450001,49.060001,23.52,48.57,39.340492,22603700
2009,1,G4,20368,Allegiant Air,G4,Allegiant Air,2,48.98,48.98,32.07,45.459999,36.821468,34015200
2009,2,G4,20368,Allegiant Air,G4,Allegiant Air,2,42.110001,57.52,33.200001,39.639999,32.107414,41856700
2009,3,G4,20368,Allegiant Air,G4,Allegiant Air,2,40.459999,47.450001,35.75,38.09,30.851954,22876500
2009,4,G4,20368,Allegiant Air,G4,Allegiant Air,2,37.830002,48.990002,34.880001,47.169998,38.206524,23900600
2010,1,G4,20368,Allegiant Air,G4,Allegiant Air,2,47.18,59.040001,47.169998,57.860001,46.865154,18922700
2010,2,G4,20368,Allegiant Air,G4,Allegiant Air,2,57.959999,58.119999,42.040001,42.689999,35.092083,20089900
2010,3,G4,20368,Allegiant Air,G4,Allegiant Air,2,43.130001,46.369999,37.049999,42.32,34.787937,16101700
2010,4,G4,20368,Allegiant Air,G4,Allegiant Air,2,42.779999,52.950001,38.119999,49.240002,40.47633,14985800
2011,1,G4,20368,Allegiant Air,G4,Allegiant Air,2,49.630001,52.349998,39.209999,43.810001,36.01276,15121400
2011,2,G4,20368,Allegiant Air,G4,Allegiant Air,2,44.09,50.290001,38.950001,49.5,40.690052,11359600
2011,3,G4,20368,Allegiant Air,G4,Allegiant Air,2,49.619999,49.93,40.310001,47.130001,38.741856,11346900
2011,4,G4,20368,Allegiant Air,G4,Allegiant Air,2,47.130001,55.360001,45.25,53.34,43.846603,7367000
2012,1,G4,20368,Allegiant Air,G4,Allegiant Air,2,54.41,57.759998,47.32,54.5,44.800152,8626400
2012,2,G4,20368,Allegiant Air,G4,Allegiant Air,2,54.470001,71.419998,54.200001,69.68,57.278431,10709100
2012,3,G4,20368,Allegiant Air,G4,Allegiant Air,2,70,75.93,61.630001,63.360001,52.083256,8453500
2012,4,G4,20368,Allegiant Air,G4,Allegiant Air,2,63.41,77.970001,63.400002,73.410004,62.027126,6491600
2013,1,G4,20368,Allegiant Air,G4,Allegiant Air,2,74.480003,89.459999,72.169998,88.779999,75.01387,7628500
2013,2,G4,20368,Allegiant Air,G4,Allegiant Air,2,88.400002,108.559998,82.790001,105.989998,89.555305,6676700
2013,3,G4,20368,Allegiant Air,G4,Allegiant Air,2,107.169998,109.720001,91.059998,105.360001,89.02298,6881000
2013,4,G4,20368,Allegiant Air,G4,Allegiant Air,2,105.660004,114.769997,96.690002,105.440002,89.090614,4873200
2014,1,G4,20368,Allegiant Air,G4,Allegiant Air,2,105.330002,112.440002,81.190002,111.93,96.597946,8602600
2014,2,G4,20368,Allegiant Air,G4,Allegiant Air,2,112.389999,124.610001,109.019997,117.769997,101.638031,6948800
2014,3,G4,20368,Allegiant Air,G4,Allegiant Air,2,118.260002,128.550003,113.790001,123.660004,106.721191,6674800
2014,4,G4,20368,Allegiant Air,G4,Allegiant Air,2,123.239998,152.139999,104.519997,150.330002,129.737946,10275000
2015,1,G4,20368,Allegiant Air,G4,Allegiant Air,2,151.869995,199.199997,144.509995,192.289993,169.011673,9538700
2015,2,G4,20368,Allegiant Air,G4,Allegiant Air,2,191.380005,191.399994,151.039993,177.880005,156.794937,10819400
2015,3,G4,20368,Allegiant Air,G4,Allegiant Air,2,180.429993,238.130005,175,216.25,190.861435,13132400
2015,4,G4,20368,Allegiant Air,G4,Allegiant Air,2,215.360001,228.789993,166.589996,167.830002,148.360245,9772200
2016,1,G4,20368,Allegiant Air,G4,Allegiant Air,3,164.789993,182.5,134.639999,178.059998,158.875931,12009200
2016,2,G4,20368,Allegiant Air,G4,Allegiant Air,3,176.309998,183.910004,135.570007,151.5,136.079361,9546300
2016,3,G4,20368,Allegiant Air,G4,Allegiant Air,3,151.619995,152.809998,121.699997,132.070007,119.271172,10757100
2016,4,G4,20368,Allegiant Air,G4,Allegiant Air,3,132.089996,173.820007,131.449997,166.399994,150.913757,8426800
2017,1,G4,20368,Allegiant Air,G4,Allegiant Air,3,168.25,182.25,153.399994,160.25,145.336105,6846000
2017,2,G4,20368,Allegiant Air,G4,Allegiant Air,3,160.300003,169.149994,134.649994,135.600006,124.080254,9058800
2017,3,G4,20368,Allegiant Air,G4,Allegiant Air,3,136.399994,147,111.540001,131.699997,121.193794,9763900
2017,4,G4,20368,Allegiant Air,G4,Allegiant Air,3,132,162.350006,125.949997,154.75,143.133423,8961800
2018,1,G4,20368,Allegiant Air,G4,Allegiant Air,3,155.399994,181.449997,147.5,172.550003,159.597275,9542700
2018,2,G4,20368,Allegiant Air,G4,Allegiant Air,3,172.399994,177,135.75,138.949997,129.626343,13151900
2018,3,G4,20368,Allegiant Air,G4,Allegiant Air,3,137.899994,147,117.300003,126.800003,118.903618,12671200
2018,4,G4,20368,Allegiant Air,G4,Allegiant Air,3,127.160004,135.479996,98.209999,100.220001,94.542145,13876900
2019,1,G4,20368,Allegiant Air,G4,Allegiant Air,3,98.599998,142.970001,98.18,129.470001,122.782761,11102300
2019,2,G4,20368,Allegiant Air,G4,Allegiant Air,3,130.179993,148.800003,128.639999,143.5,136.088089,9121900
2019,3,G4,20368,Allegiant Air,G4,Allegiant Air,3,145.100006,157.5,136.869995,149.660004,142.623764,11821900
2019,4,G4,20368,Allegiant Air,G4,Allegiant Air,3,150.419998,183.259995,143.610001,174.039993,167.317261,9189900
2020,1,G4,20368,Allegiant Air,G4,Allegiant Air,3,175.139999,180.199997,60.060001,81.800003,79.062874,16049900
2020,2,G4,20368,Allegiant Air,G4,Allegiant Air,3,77.669998,139.679993,63.5,109.209999,105.555695,22974100
2020,3,G4,20368,Allegiant Air,G4,Allegiant Air,3,111.860001,144.869995,100.099998,119.800003,115.791351,12754000
2020,4,G4,20368,Allegiant Air,G4,Allegiant Air,3,122.019997,190.509995,112.709999,189.240005,182.907806,11714400
2021,1,G4,20368,Allegiant Air,G4,Allegiant Air,3,188.770004,271.290009,172.910004,244.059998,235.893433,9481600
2021,2,G4,20368,Allegiant Air,G4,Allegiant Air,3,245.539993,255.759995,187.089996,194,187.508514,12720300
2021,3,G4,20368,Allegiant Air,G4,Allegiant Air,3,194.970001,215.479996,171.529999,195.479996,188.938995,10089200
2021,4,G4,20368,Allegiant Air,G4,Allegiant Air,3,198.509995,206.399994,163.600006,187.039993,180.781403,10984100
2022,1,G4,20368,Allegiant Air,G4,Allegiant Air,3,188.380005,195.660004,132.029999,162.389999,156.956253,14113200
2022,2,G4,20368,Allegiant Air,G4,Allegiant Air,3,162.869995,176.559998,109.82,113.089996,109.305862,15697900
2022,3,G4,20368,Allegiant Air,G4,Allegiant Air,3,112.889999,122.360001,72.970001,72.980003,70.538002,14665200
2022,4,G4,20368,Allegiant Air,G4,Allegiant Air,3,72.620003,84.889999,62.939999,67.989998,65.714966,16143500
2023,1,G4,20368,Allegiant Air,G4,Allegiant Air,3,69.370003,105.510002,68.309998,91.980003,88.902245,13238100
2023,2,G4,20368,Allegiant Air,G4,Allegiant Air,3,91.269997,129,86.910004,126.279999,122.054512,12409500
2023,3,G4,20368,Allegiant Air,G4,Allegiant Air,3,125.910004,130.929993,73.959999,76.860001,74.718033,14117700
2023,4,G4,20368,Allegiant Air,G4,Allegiant Air,3,76.589996,85.910004,54.869999,82.610001,81.119392,16738800
2024,1,G4,20368,Allegiant Air,G4,Allegiant Air,3,81.650002,83.82,65.589996,75.209999,74.425194,15064800
2005,4,AA,19805,American Airlines Inc.,AA,American Airlines Inc.,3,20.9,38.799999,20.85,37.139999,35.013416,49212400
2006,1,AA,19805,American Airlines Inc.,AA,American Airlines Inc.,3,37.200001,40.599998,28.299999,40,37.709663,52146200
2006,2,AA,19805,American Airlines Inc.,AA,American Airlines Inc.,3,40,52.18,36.189999,50.540001,47.646152,96168600
2006,3,AA,19805,American Airlines Inc.,AA,American Airlines Inc.,3,50.630001,56.41,36.799999,44.330002,41.791729,111293300
2006,4,AA,19805,American Airlines Inc.,AA,American Airlines Inc.,3,45,63.27,43.810001,53.849998,50.766621,133069200
2007,1,AA,19805,American Airlines Inc.,AA,American Airlines Inc.,3,53.889999,62.5,44.009998,45.48,42.875874,130464100
2007,2,AA,19805,American Airlines Inc.,AA,American Airlines Inc.,3,45.259998,48.299999,26.780001,30.27,28.536785,194194700
2007,3,AA,19805,American Airlines Inc.,AA,American Airlines Inc.,3,30.68,36.810001,24.26,26.25,24.746965,150444000
2007,4,AA,19805,American Airlines Inc.,AA,American Airlines Inc.,3,26.620001,33.450001,14.41,14.71,13.867725,196184800
2008,1,AA,19805,American Airlines Inc.,AA,American Airlines Inc.,3,14.55,16.440001,7.24,8.91,8.399827,225253000
2008,2,AA,19805,American Airlines Inc.,AA,American Airlines Inc.,3,9.2,9.94,2.3,2.5,2.356854,402772300
2008,3,AA,19805,American Airlines Inc.,AA,American Airlines Inc.,3,2.46,10.46,1.45,6.03,5.684731,881566700
2008,4,AA,19805,American Airlines Inc.,AA,American Airlines Inc.,3,6.01,11.24,3.16,7.73,7.287392,502267100
2009,1,AA,19805,American Airlines Inc.,AA,American Airlines Inc.,3,7.73,9.7,1.88,2.53,2.385136,405759700
2009,2,AA,19805,American Airlines Inc.,AA,American Airlines Inc.,3,2.46,5.35,2.11,2.43,2.290862,509234700
2009,3,AA,19805,American Airlines Inc.,AA,American Airlines Inc.,3,2.4,5.6,2,4.7,4.430885,743513700
2009,4,AA,19805,American Airlines Inc.,AA,American Airlines Inc.,3,4.62,5.4,2.82,4.84,4.56287,613845000
2010,1,AA,19805,American Airlines Inc.,AA,American Airlines Inc.,3,4.84,8.17,4.47,7.35,6.929149,667016100
2010,2,AA,19805,American Airlines Inc.,AA,American Airlines Inc.,3,7.37,10.87,5.7,8.61,8.117005,828597500
2010,3,AA,19805,American Airlines Inc.,AA,American Airlines Inc.,3,8.62,11.4,8.02,9.25,8.72036,498929200
2010,4,AA,19805,American Airlines Inc.,AA,American Airlines Inc.,3,9.29,12.26,8.94,10.01,9.436843,337603500
2011,1,AA,19805,American Airlines Inc.,AA,American Airlines Inc.,3,10.11,11.56,7.71,8.71,8.211279,495368200
2011,2,AA,19805,American Airlines Inc.,AA,American Airlines Inc.,3,9.08,10.35,7.76,8.91,8.399827,405335700
2011,3,AA,19805,American Airlines Inc.,AA,American Airlines Inc.,3,9.02,9.15,4.68,5.5,5.185077,504112500
2011,4,AA,19805,American Airlines Inc.,AA,American Airlines Inc.,3,5.44,6.48,3.96,5.07,4.779699,420515700
2012,1,AA,19805,American Airlines Inc.,AA,American Airlines Inc.,3,5.2,9.91,4.97,7.59,7.155407,523113700
2012,2,AA,19805,American Airlines Inc.,AA,American Airlines Inc.,3,7.59,13.8,7.41,13.33,12.566745,564546600
2012,3,AA,19805,American Airlines Inc.,AA,American Airlines Inc.,3,13.43,14.51,9.74,10.46,9.861075,507207400
2012,4,AA,19805,American Airlines Inc.,AA,American Airlines Inc.,3,10.35,13.75,10.32,13.5,12.727008,347470600
2013,1,AA,19805,American Airlines Inc.,AA,American Airlines Inc.,3,13.72,17.43,12.7,16.969999,15.998322,528729000
2013,2,AA,19805,American Airlines Inc.,AA,American Airlines Inc.,3,17.02,19.700001,15.03,16.42,15.479813,383575000
2013,3,AA,19805,American Airlines Inc.,AA,American Airlines Inc.,3,16.5,19.59,15.28,18.959999,17.874372,427594300
2013,4,AA,19805,American Airlines Inc.,AA,American Airlines Inc.,3,18.98,27.200001,18.98,25.25,23.80422,697750500
2014,1,AA,19805,American Airlines Inc.,AA,American Airlines Inc.,3,25.07,39.880001,25.059999,36.599998,34.504341,682322900
2014,2,AA,19805,American Airlines Inc.,AA,American Airlines Inc.,3,36.950001,44.880001,31.860001,42.959999,40.500168,784987200
2014,3,AA,19805,American Airlines Inc.,AA,American Airlines Inc.,3,43.439999,44,34.34,35.48,33.533253,644672100
2014,4,AA,19805,American Airlines Inc.,AA,American Airlines Inc.,3,34.720001,54.639999,28.1,53.630001,50.81461,1011088400
2015,1,AA,19805,American Airlines Inc.,AA,American Airlines Inc.,3,54.279999,56.200001,45.950001,52.779999,50.110554,881930000
2015,2,AA,19805,American Airlines Inc.,AA,American Airlines Inc.,3,51.099998,53.470001,38.450001,39.939999,37.997692,793458600
2015,3,AA,19805,American Airlines Inc.,AA,American Airlines Inc.,3,40.650002,44.59,34.099998,38.830002,37.027866,694560200
2015,4,AA,19805,American Airlines Inc.,AA,American Airlines Inc.,3,38.5,47.09,37.419998,42.349998,40.471584,541637400
2016,1,AA,19805,American Airlines Inc.,AA,American Airlines Inc.,3,41.290001,43.779999,34.759998,41.009998,39.297962,585185800
2016,2,AA,19805,American Airlines Inc.,AA,American Airlines Inc.,3,40.130001,41.759998,24.85,28.309999,27.206572,685316800
2016,3,AA,19805,American Airlines Inc.,AA,American Airlines Inc.,3,28.26,39.52,27.120001,36.610001,35.28838,591747900
2016,4,AA,19805,American Airlines Inc.,AA,American Airlines Inc.,3,36.459999,50.639999,36.330002,46.689999,45.118095,447591500
2017,1,AA,19805,American Airlines Inc.,AA,American Airlines Inc.,3,47.279999,50,39.209999,42.299999,40.966805,435529700
2017,2,AA,19805,American Airlines Inc.,AA,American Airlines Inc.,3,42.330002,51.950001,40.82,50.32,48.838978,400501700
2017,3,AA,19805,American Airlines Inc.,AA,American Airlines Inc.,3,50.779999,54.48,42.610001,47.490002,46.185772,365932500
2017,4,AA,19805,American Airlines Inc.,AA,American Airlines Inc.,3,47.52,53.740002,45.27,52.029999,50.711876,271763800
2018,1,AA,19805,American Airlines Inc.,AA,American Airlines Inc.,3,52.330002,59.080002,46.330002,51.959999,50.741043,296682500
2018,2,AA,19805,American Airlines Inc.,AA,American Airlines Inc.,3,51.77,53.080002,37.060001,37.959999,37.156166,396542600
2018,3,AA,19805,American Airlines Inc.,AA,American Airlines Inc.,3,37.740002,43.889999,35.639999,41.330002,40.560379,403888700
2018,4,AA,19805,American Airlines Inc.,AA,American Airlines Inc.,3,41.41,41.75,29.59,32.110001,31.599047,622484300
2019,1,AA,19805,American Airlines Inc.,AA,American Airlines Inc.,3,31.459999,37.23,28.809999,31.76,31.339823,493952400
2019,2,AA,19805,American Airlines Inc.,AA,American Airlines Inc.,3,31.98,35.240002,27.02,32.610001,32.271446,386735400
2019,3,AA,19805,American Airlines Inc.,AA,American Airlines Inc.,3,33.139999,34.990002,24.23,26.969999,26.78388,439408200
2019,4,AA,19805,American Airlines Inc.,AA,American Airlines Inc.,3,27.08,31.67,24.51,28.68,28.574404,442211900
2020,1,AA,19805,American Airlines Inc.,AA,American Airlines Inc.,3,28.98,30.780001,10.01,12.19,12.19,1794012500
2020,2,AA,19805,American Airlines Inc.,AA,American Airlines Inc.,3,11.45,22.799999,8.25,13.07,13.07,6228245700
2020,3,AA,19805,American Airlines Inc.,AA,American Airlines Inc.,3,13.48,15.1,10.71,12.29,12.29,4322174800
2020,4,AA,19805,American Airlines Inc.,AA,American Airlines Inc.,3,12.45,18.629999,10.63,15.77,15.77,4909035200
2021,1,AA,19805,American Airlines Inc.,AA,American Airlines Inc.,3,15.85,26.09,14.71,23.9,23.9,3414416100
2021,2,AA,19805,American Airlines Inc.,AA,American Airlines Inc.,3,24.02,26.040001,19.639999,21.209999,21.209999,2033591700
2021,3,AA,19805,American Airlines Inc.,AA,American Airlines Inc.,3,21.469999,22.190001,18.280001,20.52,20.52,2017909400
2021,4,AA,19805,American Airlines Inc.,AA,American Airlines Inc.,3,21,22.35,16.15,17.959999,17.959999,2189269000
2022,1,AA,19805,American Airlines Inc.,AA,American Airlines Inc.,3,18.23,19.76,12.44,18.25,18.25,2783573400
2022,2,AA,19805,American Airlines Inc.,AA,American Airlines Inc.,3,18.299999,21.42,11.93,12.68,12.68,2244949400
2022,3,AA,19805,American Airlines Inc.,AA,American Airlines Inc.,3,12.78,15.71,11.85,12.04,12.04,2008217600
2022,4,AA,19805,American Airlines Inc.,AA,American Airlines Inc.,3,12.02,15.18,11.65,12.72,12.72,1853115900
2023,1,AA,19805,American Airlines Inc.,AA,American Airlines Inc.,3,12.91,17.639999,12.53,14.75,14.75,1531099800
2023,2,AA,19805,American Airlines Inc.,AA,American Airlines Inc.,3,14.52,17.99,12.65,17.940001,17.940001,1562888400
2023,3,AA,19805,American Airlines Inc.,AA,American Airlines Inc.,3,17.860001,19.08,12.5,12.81,12.81,1545465200
2023,4,AA,19805,American Airlines Inc.,AA,American Airlines Inc.,3,12.84,14.67,10.86,13.74,13.74,2295675800
2024,1,AA,19805,American Airlines Inc.,AA,American Airlines Inc.,3,13.65,16.15,12.78,15.35,15.35,2090913800
2007,2,DL,19790,Delta Air Lines Inc.,DL,Delta Air Lines Inc.,3,19.1,19.889999,18.02,19.700001,17.227615,80677500
2007,3,DL,19790,Delta Air Lines Inc.,DL,Delta Air Lines Inc.,3,19.57,21.799999,14.94,17.950001,15.697238,213869500
2007,4,DL,19790,Delta Air Lines Inc.,DL,Delta Air Lines Inc.,3,18,21.1,14.04,14.89,13.021277,256473200
2008,1,DL,19790,Delta Air Lines Inc.,DL,Delta Air Lines Inc.,3,14.73,18.99,7.94,8.6,7.520683,355835700
2008,2,DL,19790,Delta Air Lines Inc.,DL,Delta Air Lines Inc.,3,8.94,10.89,4.8,5.7,4.984638,770592000
2008,3,DL,19790,Delta Air Lines Inc.,DL,Delta Air Lines Inc.,3,5.47,10.26,4,7.45,6.515011,1194153200
2008,4,DL,19790,Delta Air Lines Inc.,DL,Delta Air Lines Inc.,3,7.64,12,5.1,11.46,10.021747,940864000
2009,1,DL,19790,Delta Air Lines Inc.,DL,Delta Air Lines Inc.,3,11.31,12.65,3.51,5.63,4.923424,846067600
2009,2,DL,19790,Delta Air Lines Inc.,DL,Delta Air Lines Inc.,3,5.52,8.27,5.31,5.79,5.063345,888013200
2009,3,DL,19790,Delta Air Lines Inc.,DL,Delta Air Lines Inc.,3,5.82,9.88,5.56,8.96,7.835505,758490800
2009,4,DL,19790,Delta Air Lines Inc.,DL,Delta Air Lines Inc.,3,8.95,12.08,6.78,11.38,9.95179,759617600
2010,1,DL,19790,Delta Air Lines Inc.,DL,Delta Air Lines Inc.,3,11.22,14.9,10.93,14.59,12.758926,785882000
2010,2,DL,19790,Delta Air Lines Inc.,DL,Delta Air Lines Inc.,3,14.63,14.94,10.9,11.75,10.275352,855014600
2010,3,DL,19790,Delta Air Lines Inc.,DL,Delta Air Lines Inc.,3,11.97,12.8,9.6,11.64,10.179158,568376400
2010,4,DL,19790,Delta Air Lines Inc.,DL,Delta Air Lines Inc.,3,11.75,14.54,10.96,12.6,11.018678,635173000
2011,1,DL,19790,Delta Air Lines Inc.,DL,Delta Air Lines Inc.,3,12.69,13.21,9.71,9.8,8.570079,1118452400
2011,2,DL,19790,Delta Air Lines Inc.,DL,Delta Air Lines Inc.,3,9.89,11.6,8.91,9.17,8.019148,1001426000
2011,3,DL,19790,Delta Air Lines Inc.,DL,Delta Air Lines Inc.,3,9.24,9.41,6.41,7.5,6.558735,958245100
2011,4,DL,19790,Delta Air Lines Inc.,DL,Delta Air Lines Inc.,3,7.39,9.13,6.64,8.09,7.07469,765334100
2012,1,DL,19790,Delta Air Lines Inc.,DL,Delta Air Lines Inc.,3,8.23,11.58,7.83,9.92,8.675023,753508000
2012,2,DL,19790,Delta Air Lines Inc.,DL,Delta Air Lines Inc.,3,9.88,12.25,9.78,10.95,9.575751,808433700
2012,3,DL,19790,Delta Air Lines Inc.,DL,Delta Air Lines Inc.,3,11.11,11.25,8.42,9.16,8.010402,743048900
2012,4,DL,19790,Delta Air Lines Inc.,DL,Delta Air Lines Inc.,3,9.12,12.05,9.11,11.87,10.38029,662105800
2013,1,DL,19790,Delta Air Lines Inc.,DL,Delta Air Lines Inc.,3,12.07,17.25,11.97,16.51,14.437964,780852400
2013,2,DL,19790,Delta Air Lines Inc.,DL,Delta Air Lines Inc.,3,16.43,19.43,13.94,18.709999,16.36186,822955100
2013,3,DL,19790,Delta Air Lines Inc.,DL,Delta Air Lines Inc.,3,18.799999,24.1,18.299999,23.59,20.688572,1032836700
2013,4,DL,19790,Delta Air Lines Inc.,DL,Delta Air Lines Inc.,3,23.68,29.440001,23.629999,27.469999,24.14562,826252000
2014,1,DL,19790,Delta Air Lines Inc.,DL,Delta Air Lines Inc.,3,27.26,35.849998,27.26,34.650002,30.515921,769055300
2014,2,DL,19790,Delta Air Lines Inc.,DL,Delta Air Lines Inc.,3,34.93,42.66,30.540001,38.720001,34.154694,749996000
2014,3,DL,19790,Delta Air Lines Inc.,DL,Delta Air Lines Inc.,3,39,40.970001,34.59,36.150002,31.967134,743305800
2014,4,DL,19790,Delta Air Lines Inc.,DL,Delta Air Lines Inc.,3,35.349998,50.16,30.120001,49.189999,43.590996,997891600
2015,1,DL,19790,Delta Air Lines Inc.,DL,Delta Air Lines Inc.,3,49.919998,51.060001,42.599998,44.959999,39.922745,742356800
2015,2,DL,19790,Delta Air Lines Inc.,DL,Delta Air Lines Inc.,3,43.669998,47.98,38.970001,41.080002,36.552387,768300800
2015,3,DL,19790,Delta Air Lines Inc.,DL,Delta Air Lines Inc.,3,41.75,48.299999,34.610001,44.869999,40.041306,633665600
2015,4,DL,19790,Delta Air Lines Inc.,DL,Delta Air Lines Inc.,3,44.709999,52.77,43.349998,50.689999,45.355049,570333700
2016,1,DL,19790,Delta Air Lines Inc.,DL,Delta Air Lines Inc.,3,49.419998,50.5,40.029999,48.68,43.694733,624314400
2016,2,DL,19790,Delta Air Lines Inc.,DL,Delta Air Lines Inc.,3,47.5,49.799999,32.599998,36.43,32.804581,720071000
2016,3,DL,19790,Delta Air Lines Inc.,DL,Delta Air Lines Inc.,3,36.41,41.349998,34.080002,39.360001,35.637737,655641000
2016,4,DL,19790,Delta Air Lines Inc.,DL,Delta Air Lines Inc.,3,39.25,52.759998,37.91,49.189999,44.743553,598160900
2017,1,DL,19790,Delta Air Lines Inc.,DL,Delta Air Lines Inc.,3,49.369999,52,44.470001,45.959999,41.971912,514430500
2017,2,DL,19790,Delta Air Lines Inc.,DL,Delta Air Lines Inc.,3,45.959999,54.529999,43.810001,53.740002,49.27887,513264100
2017,3,DL,19790,Delta Air Lines Inc.,DL,Delta Air Lines Inc.,3,54.259998,55.75,44.59,48.220001,44.50267,491367900
2017,4,DL,19790,Delta Air Lines Inc.,DL,Delta Air Lines Inc.,3,48.349998,56.84,47.900002,56,52.004444,419585900
2018,1,DL,19790,Delta Air Lines Inc.,DL,Delta Air Lines Inc.,3,56.290001,60.790001,48.52,54.810001,51.193066,511008200
2018,2,DL,19790,Delta Air Lines Inc.,DL,Delta Air Lines Inc.,3,54.59,56.119999,49.049999,49.540001,46.54586,439144600
2018,3,DL,19790,Delta Air Lines Inc.,DL,Delta Air Lines Inc.,3,49.25,60.23,48.52,57.830002,54.705299,347710100
2018,4,DL,19790,Delta Air Lines Inc.,DL,Delta Air Lines Inc.,3,57.990002,61.32,47.900002,49.900002,47.500397,463675800
2019,1,DL,19790,Delta Air Lines Inc.,DL,Delta Air Lines Inc.,3,49.25,52.220001,45.080002,51.650002,49.509857,495614000
2019,2,DL,19790,Delta Air Lines Inc.,DL,Delta Air Lines Inc.,3,51.82,58.990002,51.310001,56.75,54.727139,335791900
2019,3,DL,19790,Delta Air Lines Inc.,DL,Delta Air Lines Inc.,3,57.299999,63.439999,55.57,57.599998,55.903938,364126500
2019,4,DL,19790,Delta Air Lines Inc.,DL,Delta Air Lines Inc.,3,58.049999,59.919998,51.07,58.48,57.179676,383649500
2020,1,DL,19790,Delta Air Lines Inc.,DL,Delta Air Lines Inc.,3,58.93,62.48,19.1,28.530001,28.088402,1162033300
2020,2,DL,19790,Delta Air Lines Inc.,DL,Delta Air Lines Inc.,3,26.59,37.240002,17.51,28.049999,27.615829,3856681400
2020,3,DL,19790,Delta Air Lines Inc.,DL,Delta Air Lines Inc.,3,29.02,35.07,24.379999,30.58,30.106667,1499865100
2020,4,DL,19790,Delta Air Lines Inc.,DL,Delta Air Lines Inc.,3,30.99,43.759998,28.74,40.209999,39.587608,1027514000
2021,1,DL,19790,Delta Air Lines Inc.,DL,Delta Air Lines Inc.,3,40.169998,52.279999,37.419998,48.279999,47.532692,817547700
2021,2,DL,19790,Delta Air Lines Inc.,DL,Delta Air Lines Inc.,3,48.59,51.82,42.580002,43.259998,42.590401,711274200
2021,3,DL,19790,Delta Air Lines Inc.,DL,Delta Air Lines Inc.,3,43.5,45.060001,37.310001,42.610001,41.950466,758949100
2021,4,DL,19790,Delta Air Lines Inc.,DL,Delta Air Lines Inc.,3,43.950001,46,33.400002,39.080002,38.475101,869679900
2022,1,DL,19790,Delta Air Lines Inc.,DL,Delta Air Lines Inc.,3,39.790001,45.139999,29.75,39.57,38.957516,961091700
2022,2,DL,19790,Delta Air Lines Inc.,DL,Delta Air Lines Inc.,3,39.669998,46.27,28.1,28.969999,28.521587,935956400
2022,3,DL,19790,Delta Air Lines Inc.,DL,Delta Air Lines Inc.,3,29.23,35.790001,27.799999,28.059999,27.625673,696056400
2022,4,DL,19790,Delta Air Lines Inc.,DL,Delta Air Lines Inc.,3,27.98,36.880001,27.200001,32.860001,32.351379,627436000
2023,1,DL,19790,Delta Air Lines Inc.,DL,Delta Air Lines Inc.,3,33.25,40.34,31.040001,34.919998,34.379482,631425500
2023,2,DL,19790,Delta Air Lines Inc.,DL,Delta Air Lines Inc.,3,34.48,47.73,32.439999,47.540001,46.804153,701570700
2023,3,DL,19790,Delta Air Lines Inc.,DL,Delta Air Lines Inc.,3,47.439999,49.810001,36.41,37,36.503807,547178800
2023,4,DL,19790,Delta Air Lines Inc.,DL,Delta Air Lines Inc.,3,36.970001,42.700001,30.6,40.23,39.801579,631853400
2024,1,DL,19790,Delta Air Lines Inc.,DL,Delta Air Lines Inc.,3,39.970001,48.060001,36.34,47.869999,47.472927,625574600
2021,2,F9,20436,Frontier Airlines Inc.,F9,Frontier Airlines Inc.,3,18.65,22.700001,16.35,17.040001,17.040001,65680100
2021,3,F9,20436,Frontier Airlines Inc.,F9,Frontier Airlines Inc.,3,17.110001,17.540001,13.71,15.79,15.79,32056900
2021,4,F9,20436,Frontier Airlines Inc.,F9,Frontier Airlines Inc.,3,16.309999,17.5,12.62,13.57,13.57,32968500
2022,1,F9,20436,Frontier Airlines Inc.,F9,Frontier Airlines Inc.,3,13.73,14.74,9.48,11.33,11.33,108730700
2022,2,F9,20436,Frontier Airlines Inc.,F9,Frontier Airlines Inc.,3,11.44,12.297,8.19,9.37,9.37,189734900
2022,3,F9,20436,Frontier Airlines Inc.,F9,Frontier Airlines Inc.,3,9.25,15.25,9.24,9.7,9.7,111751500
2022,4,F9,20436,Frontier Airlines Inc.,F9,Frontier Airlines Inc.,3,9.79,14.34,8.94,10.27,10.27,53884600
2023,1,F9,20436,Frontier Airlines Inc.,F9,Frontier Airlines Inc.,3,10.46,14.095,8.39,9.84,9.84,73428400
2023,2,F9,20436,Frontier Airlines Inc.,F9,Frontier Airlines Inc.,3,9.69,10.22,7.61,9.67,9.67,88542800
2023,3,F9,20436,Frontier Airlines Inc.,F9,Frontier Airlines Inc.,3,9.67,10.57,4.555,4.84,4.84,129156500
2023,4,F9,20436,Frontier Airlines Inc.,F9,Frontier Airlines Inc.,3,4.83,5.86,3.19,5.46,5.46,157450500
2024,1,F9,20436,Frontier Airlines Inc.,F9,Frontier Airlines Inc.,3,5.35,8.33,4.14,8.11,8.11,155783400
2008,3,HA,19690,Hawaiian Airlines Inc.,HA,Hawaiian Airlines Inc.,2,6.98,11.1,6.6,9.28,9.28,58470000
2008,4,HA,19690,Hawaiian Airlines Inc.,HA,Hawaiian Airlines Inc.,2,9.27,9.36,3.5,6.38,6.38,54700000
2009,1,HA,19690,Hawaiian Airlines Inc.,HA,Hawaiian Airlines Inc.,3,6.43,6.7,2.17,3.73,3.73,39500000
2009,2,HA,19690,Hawaiian Airlines Inc.,HA,Hawaiian Airlines Inc.,3,3.68,6.08,3.52,6.02,6.02,49610000
2009,3,HA,19690,Hawaiian Airlines Inc.,HA,Hawaiian Airlines Inc.,3,5.76,8.8,5.16,8.26,8.26,48950000
2009,4,HA,19690,Hawaiian Airlines Inc.,HA,Hawaiian Airlines Inc.,3,8.19,9.18,6.12,7,7,29920000
2010,1,HA,19690,Hawaiian Airlines Inc.,HA,Hawaiian Airlines Inc.,3,7.09,8.15,5.9,7.37,7.37,29510000
2010,2,HA,19690,Hawaiian Airlines Inc.,HA,Hawaiian Airlines Inc.,3,7.45,7.51,5.16,5.17,5.17,47700000
2010,3,HA,19690,Hawaiian Airlines Inc.,HA,Hawaiian Airlines Inc.,3,5.2,6.2,4.69,5.99,5.99,38630000
2010,4,HA,19690,Hawaiian Airlines Inc.,HA,Hawaiian Airlines Inc.,3,6.02,8.69,5.73,7.84,7.84,41260000
2011,1,HA,19690,Hawaiian Airlines Inc.,HA,Hawaiian Airlines Inc.,3,7.86,8.1,5.95,6.01,6.01,55420000
2011,2,HA,19690,Hawaiian Airlines Inc.,HA,Hawaiian Airlines Inc.,3,6.05,6.24,5.32,5.7,5.7,39920000
2011,3,HA,19690,Hawaiian Airlines Inc.,HA,Hawaiian Airlines Inc.,3,5.73,6.09,3.67,4.21,4.21,39310000
2011,4,HA,19690,Hawaiian Airlines Inc.,HA,Hawaiian Airlines Inc.,3,4.17,6.48,3.89,5.8,5.8,39250000
2012,1,HA,19690,Hawaiian Airlines Inc.,HA,Hawaiian Airlines Inc.,3,5.91,6.98,4.92,5.23,5.23,38480000
2012,2,HA,19690,Hawaiian Airlines Inc.,HA,Hawaiian Airlines Inc.,3,5.2,6.66,4.92,6.51,6.51,35430000
2012,3,HA,19690,Hawaiian Airlines Inc.,HA,Hawaiian Airlines Inc.,3,6.56,7,5.56,5.59,5.59,40670000
2012,4,HA,19690,Hawaiian Airlines Inc.,HA,Hawaiian Airlines Inc.,3,5.61,6.86,5.16,6.57,6.57,35550000
2013,1,HA,19690,Hawaiian Airlines Inc.,HA,Hawaiian Airlines Inc.,3,6.74,7.3,5.31,5.77,5.77,60420000
2013,2,HA,19690,Hawaiian Airlines Inc.,HA,Hawaiian Airlines Inc.,3,5.75,6.42,5.18,6.11,6.11,61200000
2013,3,HA,19690,Hawaiian Airlines Inc.,HA,Hawaiian Airlines Inc.,3,6.1,7.88,6.02,7.44,7.44,44890000
2013,4,HA,19690,Hawaiian Airlines Inc.,HA,Hawaiian Airlines Inc.,3,7.42,9.76,7.35,9.63,9.63,54140000
2014,1,HA,19690,Hawaiian Airlines Inc.,HA,Hawaiian Airlines Inc.,3,9.62,14.75,9.46,13.96,13.96,88780000
2014,2,HA,19690,Hawaiian Airlines Inc.,HA,Hawaiian Airlines Inc.,3,14.02,16.49,12.35,13.71,13.71,66960000
2014,3,HA,19690,Hawaiian Airlines Inc.,HA,Hawaiian Airlines Inc.,3,13.74,16.08,12.67,13.45,13.45,56820000
2014,4,HA,19690,Hawaiian Airlines Inc.,HA,Hawaiian Airlines Inc.,3,13.26,26.66,12.52,26.05,26.05,82860000
2015,1,HA,19690,Hawaiian Airlines Inc.,HA,Hawaiian Airlines Inc.,3,26.21,27.66,18.01,22.02,22.02,120600000
2015,2,HA,19690,Hawaiian Airlines Inc.,HA,Hawaiian Airlines Inc.,3,21.71,26.1,20.75,23.75,23.75,88180000
2015,3,HA,19690,Hawaiian Airlines Inc.,HA,Hawaiian Airlines Inc.,3,24.02,26,19.87,24.68,24.68,69110000
2015,4,HA,19690,Hawaiian Airlines Inc.,HA,Hawaiian Airlines Inc.,3,24.6,40.13,23.77,35.33,35.33,79940000
2016,1,HA,19690,Hawaiian Airlines Inc.,HA,Hawaiian Airlines Inc.,3,34.43,48.14,28.4,47.19,47.19,86130000
2016,2,HA,19690,Hawaiian Airlines Inc.,HA,Hawaiian Airlines Inc.,3,46.12,50.95,34.69,37.96,37.96,64230000
2016,3,HA,19690,Hawaiian Airlines Inc.,HA,Hawaiian Airlines Inc.,3,37.98,49.87,37.4,48.6,48.6,42050000
2016,4,HA,19690,Hawaiian Airlines Inc.,HA,Hawaiian Airlines Inc.,3,48.4,60.9,44.28,57,57,45860000
2017,1,HA,19690,Hawaiian Airlines Inc.,HA,Hawaiian Airlines Inc.,3,57.55,58.5,46.05,46.45,46.45,48930000
2017,2,HA,19690,Hawaiian Airlines Inc.,HA,Hawaiian Airlines Inc.,3,46.5,59.45,45.45,46.95,46.95,58560000
2017,3,HA,19690,Hawaiian Airlines Inc.,HA,Hawaiian Airlines Inc.,3,47.15,48.65,36.2,37.55,37.55,70270000
2017,4,HA,19690,Hawaiian Airlines Inc.,HA,Hawaiian Airlines Inc.,3,37.8,43.4,32.4,39.85,39.85,81300000
2018,1,HA,19690,Hawaiian Airlines Inc.,HA,Hawaiian Airlines Inc.,3,40,40.7,34.55,38.7,38.7,68170000
2018,2,HA,19690,Hawaiian Airlines Inc.,HA,Hawaiian Airlines Inc.,3,38.7,42.7,35.3,35.95,35.95,51730000
2018,3,HA,19690,Hawaiian Airlines Inc.,HA,Hawaiian Airlines Inc.,3,35.7,44.25,35.1,40.1,40.1,34140000
2018,4,HA,19690,Hawaiian Airlines Inc.,HA,Hawaiian Airlines Inc.,3,40.2,40.3,24.81,26.41,26.41,46050000
2019,1,HA,19690,Hawaiian Airlines Inc.,HA,Hawaiian Airlines Inc.,3,26.09,34.15,24.24,26.25,26.25,54520000
2019,2,HA,19690,Hawaiian Airlines Inc.,HA,Hawaiian Airlines Inc.,3,26.37,30.75,24.88,27.43,27.43,45640000
2019,3,HA,19690,Hawaiian Airlines Inc.,HA,Hawaiian Airlines Inc.,3,27.63,29.2,22.84,26.26,26.26,40250000
2019,4,HA,19690,Hawaiian Airlines Inc.,HA,Hawaiian Airlines Inc.,3,26.43,31.34,25.03,29.29,29.29,38990000
2020,1,HA,19690,Hawaiian Airlines Inc.,HA,Hawaiian Airlines Inc.,3,29.63,30.76,7.55,10.44,10.44,73430000
2020,2,HA,19690,Hawaiian Airlines Inc.,HA,Hawaiian Airlines Inc.,3,10.16,22.35,9.1,14.04,14.04,104290000
2020,3,HA,19690,Hawaiian Airlines Inc.,HA,Hawaiian Airlines Inc.,3,14.54,15.06,11.5,12.89,12.89,64200000
2020,4,HA,19690,Hawaiian Airlines Inc.,HA,Hawaiian Airlines Inc.,3,12.91,22.44,12.51,17.7,17.7,91590000
2021,1,HA,19690,Hawaiian Airlines Inc.,HA,Hawaiian Airlines Inc.,3,17.71,29.86,16.84,26.67,26.67,62380000
2021,2,HA,19690,Hawaiian Airlines Inc.,HA,Hawaiian Airlines Inc.,3,26.82,31.38,22.81,24.37,24.37,62870000
2021,3,HA,19690,Hawaiian Airlines Inc.,HA,Hawaiian Airlines Inc.,3,24.71,25.1,17.55,21.66,21.66,66550000
2021,4,HA,19690,Hawaiian Airlines Inc.,HA,Hawaiian Airlines Inc.,3,22.36,24.27,17.01,18.37,18.37,71250000
2022,1,HA,19690,Hawaiian Airlines Inc.,HA,Hawaiian Airlines Inc.,3,18.6,21.27,14.62,19.7,19.7,69240000
2022,2,HA,19690,Hawaiian Airlines Inc.,HA,Hawaiian Airlines Inc.,3,19.84,21.71,12.76,14.31,14.31,65720000
2022,3,HA,19690,Hawaiian Airlines Inc.,HA,Hawaiian Airlines Inc.,3,14.35,17.39,13.08,13.15,13.15,47690000
2022,4,HA,19690,Hawaiian Airlines Inc.,HA,Hawaiian Airlines Inc.,3,13.22,16.15,9.64,10.26,10.26,55320000
2023,1,HA,19690,Hawaiian Airlines Inc.,HA,Hawaiian Airlines Inc.,3,10.43,13.42,7.44,9.16,9.16,90300000
2023,2,HA,19690,Hawaiian Airlines Inc.,HA,Hawaiian Airlines Inc.,3,9.07,10.9,7.34,10.77,10.77,73190000
2023,3,HA,19690,Hawaiian Airlines Inc.,HA,Hawaiian Airlines Inc.,3,10.78,12.64,6.17,6.33,6.33,98310000
2023,4,HA,19690,Hawaiian Airlines Inc.,HA,Hawaiian Airlines Inc.,3,6.32,14.71,3.7,14.2,14.2,234750000
2024,1,HA,19690,Hawaiian Airlines Inc.,HA,Hawaiian Airlines Inc.,3,14.07,14.89,11.56,13.33,13.33,67190000
2002,2,B6,20409,JetBlue Airways,B6,JetBlue Airways,2,14.619259,16.34074,12.767407,13.499259,13.499259,30427322
2002,3,B6,20409,JetBlue Airways,B6,JetBlue Airways,2,13.466667,14.385185,10.681481,11.94963,11.94963,78062077
2002,4,B6,20409,JetBlue Airways,B6,JetBlue Airways,2,11.917037,12.592593,8.814815,12,12,187442676
2003,1,B6,20409,JetBlue Airways,B6,JetBlue Airways,2,11.955556,13.315556,10.288889,12.315556,12.315556,96780825
2003,2,B6,20409,JetBlue Airways,B6,JetBlue Airways,2,12.328889,19.026667,12.106667,18.657778,18.657778,130325400
2003,3,B6,20409,JetBlue Airways,B6,JetBlue Airways,2,18.595556,27.822222,18.364445,27.057777,27.057777,164129400
2003,4,B6,20409,JetBlue Airways,B6,JetBlue Airways,2,27.066668,31.43111,16.959999,17.68,17.68,283161450
2004,1,B6,20409,JetBlue Airways,B6,JetBlue Airways,2,17.76,19.58,13.526667,16.833332,16.833332,253876800
2004,2,B6,20409,JetBlue Airways,B6,JetBlue Airways,2,16.926666,20.666668,16.006666,19.586666,19.586666,186728850
2004,3,B6,20409,JetBlue Airways,B6,JetBlue Airways,2,19.433332,19.58,13.4,13.946667,13.946667,179223750
2004,4,B6,20409,JetBlue Airways,B6,JetBlue Airways,2,14.2,17.546667,13.246667,15.48,15.48,201179100
2005,1,B6,20409,JetBlue Airways,B6,JetBlue Airways,3,15.56,15.64,11.373333,12.693333,12.693333,217954200
2005,2,B6,20409,JetBlue Airways,B6,JetBlue Airways,3,12.64,15.633333,12.04,13.626667,13.626667,186290550
2005,3,B6,20409,JetBlue Airways,B6,JetBlue Airways,3,13.673333,15.233333,11.393333,11.733333,11.733333,156032850
2005,4,B6,20409,JetBlue Airways,B6,JetBlue Airways,3,11.66,16.85,11.34,15.38,15.38,220761600
2006,1,B6,20409,JetBlue Airways,B6,JetBlue Airways,3,14.72,14.91,9.65,10.72,10.72,302926000
2006,2,B6,20409,JetBlue Airways,B6,JetBlue Airways,3,10.77,12.92,8.93,12.14,12.14,335885600
2006,3,B6,20409,JetBlue Airways,B6,JetBlue Airways,3,12.3,12.65,9.23,9.24,9.24,266362200
2006,4,B6,20409,JetBlue Airways,B6,JetBlue Airways,3,9.26,15.6,9.15,14.2,14.2,311597300
2007,1,B6,20409,JetBlue Airways,B6,JetBlue Airways,3,14.34,17.02,11.33,11.51,11.51,429614700
2007,2,B6,20409,JetBlue Airways,B6,JetBlue Airways,3,11.55,12.08,9.72,11.75,11.75,410181000
2007,3,B6,20409,JetBlue Airways,B6,JetBlue Airways,3,11.84,11.99,8.53,9.22,9.22,296725400
2007,4,B6,20409,JetBlue Airways,B6,JetBlue Airways,3,9.23,9.98,5.9,5.9,5.9,398241400
2008,1,B6,20409,JetBlue Airways,B6,JetBlue Airways,3,5.94,7.33,4.3,5.8,5.8,365973200
2008,2,B6,20409,JetBlue Airways,B6,JetBlue Airways,3,5.9,5.99,3.52,3.73,3.73,407950700
2008,3,B6,20409,JetBlue Airways,B6,JetBlue Airways,3,3.63,6.75,3.04,4.95,4.95,539754200
2008,4,B6,20409,JetBlue Airways,B6,JetBlue Airways,3,4.99,7.2,3.09,7.1,7.1,352026000
2009,1,B6,20409,JetBlue Airways,B6,JetBlue Airways,3,6.92,7.74,2.81,3.65,3.65,387138400
2009,2,B6,20409,JetBlue Airways,B6,JetBlue Airways,3,3.51,6.4,3.44,4.27,4.27,579448700
2009,3,B6,20409,JetBlue Airways,B6,JetBlue Airways,3,4.32,6.87,4.08,5.98,5.98,486838500
2009,4,B6,20409,JetBlue Airways,B6,JetBlue Airways,3,5.96,6.39,4.74,5.45,5.45,415573000
2010,1,B6,20409,JetBlue Airways,B6,JetBlue Airways,3,5.54,6.03,4.64,5.58,5.58,446461600
2010,2,B6,20409,JetBlue Airways,B6,JetBlue Airways,3,5.65,6.95,5.14,5.49,5.49,537308900
2010,3,B6,20409,JetBlue Airways,B6,JetBlue Airways,3,5.52,6.75,5.21,6.69,6.69,288416900
2010,4,B6,20409,JetBlue Airways,B6,JetBlue Airways,3,6.66,7.6,6.31,6.61,6.61,322162700
2011,1,B6,20409,JetBlue Airways,B6,JetBlue Airways,3,6.71,7.13,5.44,6.27,6.27,385303000
2011,2,B6,20409,JetBlue Airways,B6,JetBlue Airways,3,6.32,6.38,5.35,6.1,6.1,308249600
2011,3,B6,20409,JetBlue Airways,B6,JetBlue Airways,3,6.15,6.26,3.86,4.09,4.09,346951800
2011,4,B6,20409,JetBlue Airways,B6,JetBlue Airways,3,4.1,5.65,3.4,5.2,5.2,339522900
2012,1,B6,20409,JetBlue Airways,B6,JetBlue Airways,3,5.33,6.32,4.73,4.89,4.89,392589200
2012,2,B6,20409,JetBlue Airways,B6,JetBlue Airways,3,4.92,5.44,4.06,5.3,5.3,321960200
2012,3,B6,20409,JetBlue Airways,B6,JetBlue Airways,3,5.35,5.94,4.76,4.8,4.8,258340400
2012,4,B6,20409,JetBlue Airways,B6,JetBlue Airways,3,4.83,5.99,4.77,5.72,5.72,199305100
2013,1,B6,20409,JetBlue Airways,B6,JetBlue Airways,3,5.89,7.01,5.7,6.9,6.9,232029700
2013,2,B6,20409,JetBlue Airways,B6,JetBlue Airways,3,6.89,7.28,5.95,6.29,6.29,268513600
2013,3,B6,20409,JetBlue Airways,B6,JetBlue Airways,3,6.3,6.93,6.04,6.67,6.67,204247000
2013,4,B6,20409,JetBlue Airways,B6,JetBlue Airways,3,6.66,9.2,6.57,8.54,8.54,381151200
2014,1,B6,20409,JetBlue Airways,B6,JetBlue Airways,3,8.56,9.45,8.2,8.69,8.69,399656700
2014,2,B6,20409,JetBlue Airways,B6,JetBlue Airways,3,8.7,11.12,7.61,10.85,10.85,526100400
2014,3,B6,20409,JetBlue Airways,B6,JetBlue Airways,3,10.84,12.83,10.17,10.62,10.62,485312500
2014,4,B6,20409,JetBlue Airways,B6,JetBlue Airways,3,10.37,16.209999,9.38,15.86,15.86,600408000
2015,1,B6,20409,JetBlue Airways,B6,JetBlue Airways,3,16.129999,19.6,14.13,19.25,19.25,454500800
2015,2,B6,20409,JetBlue Airways,B6,JetBlue Airways,3,19.1,22.4,18.33,20.76,20.76,608322600
2015,3,B6,20409,JetBlue Airways,B6,JetBlue Airways,3,21.16,27.360001,16.26,25.77,25.77,509215800
2015,4,B6,20409,JetBlue Airways,B6,JetBlue Airways,3,25.65,27.09,22.5,22.65,22.65,425717200
2016,1,B6,20409,JetBlue Airways,B6,JetBlue Airways,3,22.040001,23.67,18.51,21.120001,21.120001,449419600
2016,2,B6,20409,JetBlue Airways,B6,JetBlue Airways,3,21,21.540001,14.76,16.559999,16.559999,404229200
2016,3,B6,20409,JetBlue Airways,B6,JetBlue Airways,3,16.459999,18.940001,15.7,17.24,17.24,386880300
2016,4,B6,20409,JetBlue Airways,B6,JetBlue Airways,3,17.17,23.120001,16.85,22.42,22.42,380002600
2017,1,B6,20409,JetBlue Airways,B6,JetBlue Airways,3,22.66,23.15,18.709999,20.610001,20.610001,428654700
2017,2,B6,20409,JetBlue Airways,B6,JetBlue Airways,3,20.65,23.370001,20.309999,22.83,22.83,309774100
2017,3,B6,20409,JetBlue Airways,B6,JetBlue Airways,3,22.870001,24.129999,18.049999,18.530001,18.530001,352316000
2017,4,B6,20409,JetBlue Airways,B6,JetBlue Airways,3,18.559999,22.74,18.370001,22.34,22.34,353944100
2018,1,B6,20409,JetBlue Airways,B6,JetBlue Airways,3,22.370001,23.08,19.23,20.32,20.32,293640700
2018,2,B6,20409,JetBlue Airways,B6,JetBlue Airways,3,20.32,20.82,18.530001,18.98,18.98,313191300
2018,3,B6,20409,JetBlue Airways,B6,JetBlue Airways,3,18.85,20.139999,17.1,19.360001,19.360001,299444700
2018,4,B6,20409,JetBlue Airways,B6,JetBlue Airways,3,19.41,19.719999,15.19,16.059999,16.059999,321968000
2019,1,B6,20409,JetBlue Airways,B6,JetBlue Airways,3,15.8,18.5,15.29,16.360001,16.360001,286551900
2019,2,B6,20409,JetBlue Airways,B6,JetBlue Airways,3,16.49,19.68,16.299999,18.49,18.49,289711200
2019,3,B6,20409,JetBlue Airways,B6,JetBlue Airways,3,18.690001,19.83,16.25,16.75,16.75,276227400
2019,4,B6,20409,JetBlue Airways,B6,JetBlue Airways,3,16.790001,19.93,15.87,18.719999,18.719999,287037200
2020,1,B6,20409,JetBlue Airways,B6,JetBlue Airways,3,18.9,21.65,6.61,8.95,8.95,614760300
2020,2,B6,20409,JetBlue Airways,B6,JetBlue Airways,3,8.3,15.62,7.22,10.9,10.9,1144412200
2020,3,B6,20409,JetBlue Airways,B6,JetBlue Airways,3,11.32,13.28,9.72,11.33,11.33,628217500
2020,4,B6,20409,JetBlue Airways,B6,JetBlue Airways,3,11.51,16.35,10.95,14.54,14.54,634761300
2021,1,B6,20409,JetBlue Airways,B6,JetBlue Airways,3,14.65,21.73,13.94,20.34,20.34,574773100
2021,2,B6,20409,JetBlue Airways,B6,JetBlue Airways,3,20.32,21.959999,16.620001,16.780001,16.780001,428039700
2021,3,B6,20409,JetBlue Airways,B6,JetBlue Airways,3,16.92,17.360001,13.93,15.29,15.29,471325200
2021,4,B6,20409,JetBlue Airways,B6,JetBlue Airways,3,15.72,16.65,12.86,14.24,14.24,475285600
2022,1,B6,20409,JetBlue Airways,B6,JetBlue Airways,3,14.32,16.389999,11.37,14.95,14.95,519355900
2022,2,B6,20409,JetBlue Airways,B6,JetBlue Airways,3,15.02,15.19,7.99,8.37,8.37,735890500
2022,3,B6,20409,JetBlue Airways,B6,JetBlue Airways,3,8.43,9.35,6.52,6.63,6.63,723456500
2022,4,B6,20409,JetBlue Airways,B6,JetBlue Airways,3,6.67,8.35,6.18,6.48,6.48,665177000
2023,1,B6,20409,JetBlue Airways,B6,JetBlue Airways,3,6.64,9.35,6.4,7.28,7.28,535938100
2023,2,B6,20409,JetBlue Airways,B6,JetBlue Airways,3,7.14,8.95,6.68,8.86,8.86,641370500
2023,3,B6,20409,JetBlue Airways,B6,JetBlue Airways,3,8.88,9.45,4.34,4.6,4.6,1096238700
2023,4,B6,20409,JetBlue Airways,B6,JetBlue Airways,3,4.58,5.94,3.42,5.55,5.55,967023200
2024,1,B6,20409,JetBlue Airways,B6,JetBlue Airways,3,5.49,7.55,4.53,7.42,7.42,1080585400
1995,1,WN,19393,Southwest Airlines Co.,WN,Southwest Airlines Co.,3,3.358025,3.950617,3.234568,3.530864,3.062329,247408435
1995,2,WN,19393,Southwest Airlines Co.,WN,Southwest Airlines Co.,3,3.530864,5.08642,3.481481,4.716049,4.092147,250323923
1995,3,WN,19393,Southwest Airlines Co.,WN,Southwest Airlines Co.,3,4.691358,5.901235,4.666667,4.962963,4.306396,244836172
1995,4,WN,19393,Southwest Airlines Co.,WN,Southwest Airlines Co.,3,4.987654,5.160494,3.901235,4.54321,3.9437,184974645
1996,1,WN,19393,Southwest Airlines Co.,WN,Southwest Airlines Co.,3,4.54321,6.518519,4.37037,5.876543,5.104798,258990417
1996,2,WN,19393,Southwest Airlines Co.,WN,Southwest Airlines Co.,3,5.82716,6.567901,5.08642,5.753086,4.999339,249770089
1996,3,WN,19393,Southwest Airlines Co.,WN,Southwest Airlines Co.,3,5.728395,5.728395,4.222222,4.518519,3.928245,223774658
1996,4,WN,19393,Southwest Airlines Co.,WN,Southwest Airlines Co.,3,4.518519,5.135802,4.074074,4.345679,3.777987,275450632
1997,1,WN,19393,Southwest Airlines Co.,WN,Southwest Airlines Co.,3,4.419753,4.938272,4.197531,4.37037,3.802823,179864559
1997,2,WN,19393,Southwest Airlines Co.,WN,Southwest Airlines Co.,3,4.395062,5.530864,4.246914,5.111111,4.449317,225480718
1997,3,WN,19393,Southwest Airlines Co.,WN,Southwest Airlines Co.,3,5.333333,6.555556,5.135802,6.320988,5.504854,236585822
1997,4,WN,19393,Southwest Airlines Co.,WN,Southwest Airlines Co.,3,6.419753,7.777778,5.580247,7.296296,6.354238,222144371
1998,1,WN,19393,Southwest Airlines Co.,WN,Southwest Airlines Co.,3,7.37037,9.518519,6.814815,8.759259,7.631475,243081692
1998,2,WN,19393,Southwest Airlines Co.,WN,Southwest Airlines Co.,3,8.888889,9.203704,7.481481,8.759259,7.634037,190780330
1998,3,WN,19393,Southwest Airlines Co.,WN,Southwest Airlines Co.,3,8.796296,10.388889,7.638889,9,7.850019,193770459
1998,4,WN,19393,Southwest Airlines Co.,WN,Southwest Airlines Co.,3,8.722222,10.555556,6.805556,10.083333,8.79493,189840600
1999,1,WN,19393,Southwest Airlines Co.,WN,Southwest Airlines Co.,3,9.972222,15.277778,9.944444,13.444444,11.730814,223144650
1999,2,WN,19393,Southwest Airlines Co.,WN,Southwest Airlines Co.,3,13.638889,15.722222,13.027778,13.833333,12.073216,196931025
1999,3,WN,19393,Southwest Airlines Co.,WN,Southwest Airlines Co.,3,14,14.861111,9.583333,10.125,8.841481,241767450
1999,4,WN,19393,Southwest Airlines Co.,WN,Southwest Airlines Co.,3,10.125,12.541667,10,10.75,9.387252,182206050
2000,1,WN,19393,Southwest Airlines Co.,WN,Southwest Airlines Co.,3,10.791667,13.916667,10,13.875,12.120494,215253450
2000,2,WN,19393,Southwest Airlines Co.,WN,Southwest Airlines Co.,3,13.75,15.166667,12.375,12.625,11.035533,133734900
2000,3,WN,19393,Southwest Airlines Co.,WN,Southwest Airlines Co.,3,12.833333,16.666668,12.75,16.166668,14.13131,159976200
2000,4,WN,19393,Southwest Airlines Co.,WN,Southwest Airlines Co.,3,16.166668,23.326668,15.75,22.353333,19.544273,180465450
2001,1,WN,19393,Southwest Airlines Co.,WN,Southwest Airlines Co.,3,22.166668,23.32,16,17.75,15.526475,211214350
2001,2,WN,19393,Southwest Airlines Co.,WN,Southwest Airlines Co.,3,18,20.030001,16.549999,18.49,16.173779,152428700
2001,3,WN,19393,Southwest Airlines Co.,WN,Southwest Airlines Co.,3,18.549999,20.23,11.25,14.84,12.986684,200377600
2001,4,WN,19393,Southwest Airlines Co.,WN,Southwest Airlines Co.,3,14.9,20,14.52,18.48,16.172102,191700700
2002,1,WN,19393,Southwest Airlines Co.,WN,Southwest Airlines Co.,3,18.25,22,17.17,19.35,16.941935,166401000
2002,2,WN,19393,Southwest Airlines Co.,WN,Southwest Airlines Co.,3,18.85,19.35,14.85,16.16,14.14892,163841200
2002,3,WN,19393,Southwest Airlines Co.,WN,Southwest Airlines Co.,3,16.059999,16.08,10.9,13.06,11.442005,226013800
2002,4,WN,19393,Southwest Airlines Co.,WN,Southwest Airlines Co.,3,13.09,16.700001,11.23,13.9,12.177938,161844700
2003,1,WN,19393,Southwest Airlines Co.,WN,Southwest Airlines Co.,3,14.1,15.33,11.72,14.36,12.584822,144795500
2003,2,WN,19393,Southwest Airlines Co.,WN,Southwest Airlines Co.,3,14.37,17.700001,14.09,17.200001,15.079737,151637700
2003,3,WN,19393,Southwest Airlines Co.,WN,Southwest Airlines Co.,3,17.1,18.99,15.86,17.700001,15.527531,162977600
2003,4,WN,19393,Southwest Airlines Co.,WN,Southwest Airlines Co.,3,17.700001,19.690001,15.3,16.139999,14.159,179430700
2004,1,WN,19393,Southwest Airlines Co.,WN,Southwest Airlines Co.,3,16.219999,16.6,12.88,14.21,12.469365,306652200
2004,2,WN,19393,Southwest Airlines Co.,WN,Southwest Airlines Co.,3,14.25,17.059999,13.56,16.77,14.721051,217061600
2004,3,WN,19393,Southwest Airlines Co.,WN,Southwest Airlines Co.,3,16.629999,16.85,13.18,13.62,11.963782,203071300
2004,4,WN,19393,Southwest Airlines Co.,WN,Southwest Airlines Co.,3,13.62,16.75,13.45,16.280001,14.30032,199224800
2005,1,WN,19393,Southwest Airlines Co.,WN,Southwest Airlines Co.,3,16.34,16.450001,13.6,14.24,12.512333,228301900
2005,2,WN,19393,Southwest Airlines Co.,WN,Southwest Airlines Co.,3,14.24,15.5,13.56,13.93,12.24437,257241000
2005,3,WN,19393,Southwest Airlines Co.,WN,Southwest Airlines Co.,3,13.92,14.85,13.05,14.85,13.062353,235091500
2005,4,WN,19393,Southwest Airlines Co.,WN,Southwest Airlines Co.,3,14.78,16.950001,14.54,16.43,14.452155,227977500
2006,1,WN,19393,Southwest Airlines Co.,WN,Southwest Airlines Co.,3,16.370001,18.1,15.51,17.99,15.833829,232385400
2006,2,WN,19393,Southwest Airlines Co.,WN,Southwest Airlines Co.,3,17.99,18.200001,15.1,16.370001,14.407997,225099600
2006,3,WN,19393,Southwest Airlines Co.,WN,Southwest Airlines Co.,3,16.41,18.200001,15.66,16.66,14.672136,308961900
2006,4,WN,19393,Southwest Airlines Co.,WN,Southwest Airlines Co.,3,16.77,17.030001,14.61,15.32,13.49203,443580700
2007,1,WN,19393,Southwest Airlines Co.,WN,Southwest Airlines Co.,3,15.46,16.58,14.5,14.7,12.954351,491000100
2007,2,WN,19393,Southwest Airlines Co.,WN,Southwest Airlines Co.,3,14.75,15.9,14.03,14.91,13.139414,563294800
2007,3,WN,19393,Southwest Airlines Co.,WN,Southwest Airlines Co.,3,14.84,16.959999,14.21,14.8,13.051332,484349900
2007,4,WN,19393,Southwest Airlines Co.,WN,Southwest Airlines Co.,3,14.65,15.06,12.12,12.2,10.758531,340464800
2008,1,WN,19393,Southwest Airlines Co.,WN,Southwest Airlines Co.,3,12.18,13.1,11.02,12.4,10.943097,539579900
2008,2,WN,19393,Southwest Airlines Co.,WN,Southwest Airlines Co.,3,12.52,14.89,11.75,13.04,11.507904,550617100
2008,3,WN,19393,Southwest Airlines Co.,WN,Southwest Airlines Co.,3,12.91,16.77,12.68,14.51,12.814032,738758100
2008,4,WN,19393,Southwest Airlines Co.,WN,Southwest Airlines Co.,3,14.39,14.97,7.05,8.62,7.61247,749255300
2009,1,WN,19393,Southwest Airlines Co.,WN,Southwest Airlines Co.,3,8.61,9.95,4.95,6.33,5.59761,763743000
2009,2,WN,19393,Southwest Airlines Co.,WN,Southwest Airlines Co.,3,6.27,7.75,6.02,6.73,5.95133,576348400
2009,3,WN,19393,Southwest Airlines Co.,WN,Southwest Airlines Co.,3,6.75,10.2,6.4,9.6,8.495432,586031700
2009,4,WN,19393,Southwest Airlines Co.,WN,Southwest Airlines Co.,3,9.55,11.78,8.1,11.43,10.121061,600464200
2010,1,WN,19393,Southwest Airlines Co.,WN,Southwest Airlines Co.,3,11.4,13.42,10.91,13.22,11.711873,605320600
2010,2,WN,19393,Southwest Airlines Co.,WN,Southwest Airlines Co.,3,13.37,13.97,11.06,11.11,9.846454,606272900
2010,3,WN,19393,Southwest Airlines Co.,WN,Southwest Airlines Co.,3,11.05,14.16,10.42,13.07,11.593607,416636800
2010,4,WN,19393,Southwest Airlines Co.,WN,Southwest Airlines Co.,3,13.23,14.32,12.31,12.98,11.513773,340488100
2011,1,WN,19393,Southwest Airlines Co.,WN,Southwest Airlines Co.,3,13.03,13.59,11.41,12.63,11.207619,494752800
2011,2,WN,19393,Southwest Airlines Co.,WN,Southwest Airlines Co.,3,12.74,12.87,10.68,11.42,10.138171,601929600
2011,3,WN,19393,Southwest Airlines Co.,WN,Southwest Airlines Co.,3,11.44,11.65,7.79,8.04,7.145196,705690300
2011,4,WN,19393,Southwest Airlines Co.,WN,Southwest Airlines Co.,3,8.02,9.28,7.15,8.56,7.607327,534689800
2012,1,WN,19393,Southwest Airlines Co.,WN,Southwest Airlines Co.,3,8.72,10.05,8.03,8.24,7.331418,402195400
2012,2,WN,19393,Southwest Airlines Co.,WN,Southwest Airlines Co.,3,8.22,9.42,7.76,9.22,8.203362,618519000
2012,3,WN,19393,Southwest Airlines Co.,WN,Southwest Airlines Co.,3,9.3,9.82,8.45,8.77,7.820283,497906600
2012,4,WN,19393,Southwest Airlines Co.,WN,Southwest Airlines Co.,3,8.78,10.61,8.68,10.24,9.131095,405489800
2013,1,WN,19393,Southwest Airlines Co.,WN,Southwest Airlines Co.,3,10.45,13.58,10.36,13.48,12.032972,456132100
2013,2,WN,19393,Southwest Airlines Co.,WN,Southwest Airlines Co.,3,13.47,14.56,12.45,12.89,11.515873,484004000
2013,3,WN,19393,Southwest Airlines Co.,WN,Southwest Airlines Co.,3,12.96,14.82,12.58,14.56,13.081808,363150000
2013,4,WN,19393,Southwest Airlines Co.,WN,Southwest Airlines Co.,3,14.58,19,14.48,18.84,16.927279,425279000
2014,1,WN,19393,Southwest Airlines Co.,WN,Southwest Airlines Co.,3,18.85,24.17,18.780001,23.610001,21.258984,498213100
2014,2,WN,19393,Southwest Airlines Co.,WN,Southwest Airlines Co.,3,23.73,27.700001,22.35,26.860001,24.228815,387349600
2014,3,WN,19393,Southwest Airlines Co.,WN,Southwest Airlines Co.,3,27.18,35.490002,25.860001,33.77,30.590727,393944500
2014,4,WN,19393,Southwest Airlines Co.,WN,Southwest Airlines Co.,3,32.970001,43.189999,28.4,42.32,38.335785,623585500
2015,1,WN,19393,Southwest Airlines Co.,WN,Southwest Airlines Co.,3,42.689999,47.169998,38.259998,44.299999,40.186607,471006800
2015,2,WN,19393,Southwest Airlines Co.,WN,Southwest Airlines Co.,3,44.07,44.189999,33.02,33.09,30.058275,564937600
2015,3,WN,19393,Southwest Airlines Co.,WN,Southwest Airlines Co.,3,33.860001,40.869999,31.360001,38.040001,34.689163,523491400
2015,4,WN,19393,Southwest Airlines Co.,WN,Southwest Airlines Co.,3,37.82,51.34,37,43.060001,39.266956,402653000
2016,1,WN,19393,Southwest Airlines Co.,WN,Southwest Airlines Co.,3,41.700001,45.389999,33.959999,44.799999,40.915596,436166600
2016,2,WN,19393,Southwest Airlines Co.,WN,Southwest Airlines Co.,3,44.400002,48,36.48,39.209999,35.874409,418283100
2016,3,WN,19393,Southwest Airlines Co.,WN,Southwest Airlines Co.,3,39.259998,45,35.419998,38.889999,35.76416,447456700
2016,4,WN,19393,Southwest Airlines Co.,WN,Southwest Airlines Co.,3,38.849998,51.310001,36.91,49.84,45.834038,464481900
2017,1,WN,19393,Southwest Airlines Co.,WN,Southwest Airlines Co.,3,50.400002,59.68,48.709999,53.759998,49.544224,361253700
2017,2,WN,19393,Southwest Airlines Co.,WN,Southwest Airlines Co.,3,53.720001,62.75,52.880001,62.139999,57.366726,285789200
2017,3,WN,19393,Southwest Airlines Co.,WN,Southwest Airlines Co.,3,62.52,64.389999,49.759998,55.98,51.908348,350574200
2017,4,WN,19393,Southwest Airlines Co.,WN,Southwest Airlines Co.,3,56.02,66.989998,52.779999,65.449997,60.689552,295402500
2018,1,WN,19393,Southwest Airlines Co.,WN,Southwest Airlines Co.,3,65.910004,66.519997,54.009998,57.279999,53.221577,316086600
2018,2,WN,19393,Southwest Airlines Co.,WN,Southwest Airlines Co.,3,57.189999,57.189999,49.93,50.880001,47.376472,386740500
2018,3,WN,19393,Southwest Airlines Co.,WN,Southwest Airlines Co.,3,50.630001,64.019997,50.5,62.450001,58.482304,267759600
2018,4,WN,19393,Southwest Airlines Co.,WN,Southwest Airlines Co.,3,62.610001,63.200001,44.279999,46.48,43.526939,336229700
2019,1,WN,19393,Southwest Airlines Co.,WN,Southwest Airlines Co.,3,46.049999,58.77,44.610001,51.91,48.755428,341403700
2019,2,WN,19393,Southwest Airlines Co.,WN,Southwest Airlines Co.,3,52.27,54.860001,47.400002,50.779999,47.836281,223932000
2019,3,WN,19393,Southwest Airlines Co.,WN,Southwest Airlines Co.,3,51.200001,56.490002,48.09,54.009998,51.253582,228887200
2019,4,WN,19393,Southwest Airlines Co.,WN,Southwest Airlines Co.,3,54.290001,58.5,51.189999,53.98,51.225109,218566100
2020,1,WN,19393,Southwest Airlines Co.,WN,Southwest Airlines Co.,3,54.380001,58.830002,29.15,35.610001,33.902645,441915200
2020,2,WN,19393,Southwest Airlines Co.,WN,Southwest Airlines Co.,3,34.049999,42.349998,22.469999,34.18,32.666443,1583652400
2020,3,WN,19393,Southwest Airlines Co.,WN,Southwest Airlines Co.,3,35.290001,42.880001,30.24,37.5,35.839436,806604100
2020,4,WN,19393,Southwest Airlines Co.,WN,Southwest Airlines Co.,3,37.959999,49.529999,36.049999,46.610001,44.546024,568088100
2021,1,WN,19393,Southwest Airlines Co.,WN,Southwest Airlines Co.,3,46.48,62.759998,43.720001,61.060001,58.356159,502855200
2021,2,WN,19393,Southwest Airlines Co.,WN,Southwest Airlines Co.,3,61.27,64.75,52.549999,53.09,50.739082,369127800
2021,3,WN,19393,Southwest Airlines Co.,WN,Southwest Airlines Co.,3,53.599998,54.400002,46.950001,51.43,49.152584,466188100
2021,4,WN,19393,Southwest Airlines Co.,WN,Southwest Airlines Co.,3,53.77,56.330002,38.66,42.84,40.942966,568682900
2022,1,WN,19393,Southwest Airlines Co.,WN,Southwest Airlines Co.,3,43.169998,47.740002,36.75,45.799999,43.771893,500637800
2022,2,WN,19393,Southwest Airlines Co.,WN,Southwest Airlines Co.,3,45.919998,50.099998,34.360001,36.119999,34.520542,369018400
2022,3,WN,19393,Southwest Airlines Co.,WN,Southwest Airlines Co.,3,36.09,41.759998,30.790001,30.84,29.474352,363879600
2022,4,WN,19393,Southwest Airlines Co.,WN,Southwest Airlines Co.,3,30.84,40.380001,30.200001,33.669998,32.179028,379595500
2023,1,WN,19393,Southwest Airlines Co.,WN,Southwest Airlines Co.,3,33.82,37.709999,28.950001,32.540001,31.259466,423979200
2023,2,WN,19393,Southwest Airlines Co.,WN,Southwest Airlines Co.,3,32.07,36.240002,28.4,36.209999,34.971504,443207100
2023,3,WN,19393,Southwest Airlines Co.,WN,Southwest Airlines Co.,3,36.029999,39.529999,26.459999,27.07,26.282242,468531900
2023,4,WN,19393,Southwest Airlines Co.,WN,Southwest Airlines Co.,3,27.110001,30.49,21.91,28.879999,28.20113,518750600
2024,1,WN,19393,Southwest Airlines Co.,WN,Southwest Airlines Co.,3,28.6,35.18,27.25,29.190001,28.678715,513184000
2011,2,NK,20416,Spirit Air Lines,NK,Spirit Air Lines,2,11.68,12.33,11.48,11.99,10.850072,10729100
2011,3,NK,20416,Spirit Air Lines,NK,Spirit Air Lines,2,12.08,14.43,10.18,12.5,11.311584,13012300
2011,4,NK,20416,Spirit Air Lines,NK,Spirit Air Lines,2,12.34,17.48,11.42,15.6,14.116858,12315300
2012,1,NK,20416,Spirit Air Lines,NK,Spirit Air Lines,2,15.7,20.700001,13.9,20.07,18.16188,42864400
2012,2,NK,20416,Spirit Air Lines,NK,Spirit Air Lines,2,19.92,24.75,17.41,19.459999,17.609875,49881400
2012,3,NK,20416,Spirit Air Lines,NK,Spirit Air Lines,2,19.040001,23.129999,15.85,17.08,15.456149,48943000
2012,4,NK,20416,Spirit Air Lines,NK,Spirit Air Lines,2,17.049999,18,15.64,17.73,16.044352,27850900
2013,1,NK,20416,Spirit Air Lines,NK,Spirit Air Lines,3,18,26.870001,17.4,25.360001,22.948944,32574500
2013,2,NK,20416,Spirit Air Lines,NK,Spirit Air Lines,3,25.129999,33.75,24.299999,31.719999,28.704275,44192200
2013,3,NK,20416,Spirit Air Lines,NK,Spirit Air Lines,3,31.799999,36.830002,29.65,34.27,31.011845,47630900
2013,4,NK,20416,Spirit Air Lines,NK,Spirit Air Lines,3,34.330002,47.619999,32.5,45.41,41.092731,52599700
2014,1,NK,20416,Spirit Air Lines,NK,Spirit Air Lines,3,45.360001,63.889999,43.34,59.400002,53.752659,57474100
2014,2,NK,20416,Spirit Air Lines,NK,Spirit Air Lines,3,59.700001,64.940002,53.25,63.240002,57.227573,67631000
2014,3,NK,20416,Spirit Air Lines,NK,Spirit Air Lines,3,63.389999,74,60.880001,69.139999,62.566643,43388000
2014,4,NK,20416,Spirit Air Lines,NK,Spirit Air Lines,3,68.339996,85.349998,52.75,75.580002,68.394386,95230000
2015,1,NK,20416,Spirit Air Lines,NK,Spirit Air Lines,3,76.559998,83.449997,68.510002,77.360001,70.005135,64053600
2015,2,NK,20416,Spirit Air Lines,NK,Spirit Air Lines,3,76.480003,78.959999,59.700001,62.099998,56.19595,79866500
2015,3,NK,20416,Spirit Air Lines,NK,Spirit Air Lines,3,63.740002,64.809998,46.27,47.299999,42.803036,80346900
2015,4,NK,20416,Spirit Air Lines,NK,Spirit Air Lines,3,47.389999,51.279999,32.73,39.849998,36.061329,136421400
2016,1,NK,20416,Spirit Air Lines,NK,Spirit Air Lines,3,38.919998,51.630001,35.169998,47.98,43.418388,102890600
2016,2,NK,20416,Spirit Air Lines,NK,Spirit Air Lines,3,47.610001,53.529999,38.849998,44.869999,40.604065,71699200
2016,3,NK,20416,Spirit Air Lines,NK,Spirit Air Lines,3,44.869999,50.09,37.169998,42.529999,38.486538,81162800
2016,4,NK,20416,Spirit Air Lines,NK,Spirit Air Lines,3,42.48,60.400002,41.419998,57.860001,52.359058,71128700
2017,1,NK,20416,Spirit Air Lines,NK,Spirit Air Lines,3,57.150002,58.990002,48.290001,53.07,48.024467,65424500
2017,2,NK,20416,Spirit Air Lines,NK,Spirit Air Lines,3,53.07,60.279999,50.68,51.650002,46.739464,70032600
2017,3,NK,20416,Spirit Air Lines,NK,Spirit Air Lines,3,51.98,53.84,30.32,33.41,30.233603,117117600
2017,4,NK,20416,Spirit Air Lines,NK,Spirit Air Lines,3,33.52,45.68,32.990002,44.849998,40.585964,103000600
2018,1,NK,20416,Spirit Air Lines,NK,Spirit Air Lines,3,44.700001,48.810001,36.77,37.779999,34.188141,87439700
2018,2,NK,20416,Spirit Air Lines,NK,Spirit Air Lines,3,37.59,39.740002,34.360001,36.349998,32.894085,81542100
2018,3,NK,20416,Spirit Air Lines,NK,Spirit Air Lines,3,36.099998,49.630001,35.66,46.970001,42.50441,71682200
2018,4,NK,20416,Spirit Air Lines,NK,Spirit Air Lines,3,46.900002,65.349998,42.830002,57.919998,52.413364,84938700
2019,1,NK,20416,Spirit Air Lines,NK,Spirit Air Lines,3,57.169998,64.760002,51.049999,52.860001,47.834435,77390900
2019,2,NK,20416,Spirit Air Lines,NK,Spirit Air Lines,3,53.43,58.549999,45.849998,47.73,43.19215,59565400
2019,3,NK,20416,Spirit Air Lines,NK,Spirit Air Lines,3,48.23,55.209999,34.529999,36.299999,32.848843,73068700
2019,4,NK,20416,Spirit Air Lines,NK,Spirit Air Lines,3,36.59,41.790001,32.970001,40.310001,36.477608,74199000
2020,1,NK,20416,Spirit Air Lines,NK,Spirit Air Lines,3,40.700001,47.5,7.01,12.89,11.664506,202420000
2020,2,NK,20416,Spirit Air Lines,NK,Spirit Air Lines,3,11.66,25.940001,7.25,17.799999,16.107698,1462906300
2020,3,NK,20416,Spirit Air Lines,NK,Spirit Air Lines,3,18.23,19.549999,14.65,16.1,14.569323,707299500
2020,4,NK,20416,Spirit Air Lines,NK,Spirit Air Lines,3,16.299999,27.48,15.45,24.450001,22.125458,546291300
2021,1,NK,20416,Spirit Air Lines,NK,Spirit Air Lines,3,24.75,40.77,22.870001,36.900002,33.3918,316340600
2021,2,NK,20416,Spirit Air Lines,NK,Spirit Air Lines,3,36.509998,39.189999,30.370001,30.440001,27.545967,219765500
2021,3,NK,20416,Spirit Air Lines,NK,Spirit Air Lines,3,30.780001,31.469999,22.700001,25.940001,23.473803,262583000
2021,4,NK,20416,Spirit Air Lines,NK,Spirit Air Lines,3,26.4,27.59,19.52,21.85,19.772654,307437000
2022,1,NK,20416,Spirit Air Lines,NK,Spirit Air Lines,3,22,28.299999,18.26,21.870001,19.790752,366019400
2022,2,NK,20416,Spirit Air Lines,NK,Spirit Air Lines,3,22.01,27.879999,15.92,23.84,21.573454,294225900
2022,3,NK,20416,Spirit Air Lines,NK,Spirit Air Lines,3,23.74,25.68,18.6,18.82,17.030722,118770800
2022,4,NK,20416,Spirit Air Lines,NK,Spirit Air Lines,3,18.85,22.700001,18.01,19.48,17.627977,58773700
2023,1,NK,20416,Spirit Air Lines,NK,Spirit Air Lines,3,19.629999,20.99,16.17,17.17,15.697749,107097300
2023,2,NK,20416,Spirit Air Lines,NK,Spirit Air Lines,3,17,17.75,14.41,17.16,15.97713,87720300
2023,3,NK,20416,Spirit Air Lines,NK,Spirit Air Lines,3,17.1,19.690001,14.95,16.5,15.631677,102929600
2023,4,NK,20416,Spirit Air Lines,NK,Spirit Air Lines,3,16.42,17.49,8.68,16.389999,15.842753,297096700
2024,1,NK,20416,Spirit Air Lines,NK,Spirit Air Lines,3,16.360001,16.85,3.96,4.84,4.84,1048188800
2006,1,UA,19977,United Air Lines Inc.,UA,United Air Lines Inc.,3,35.259998,43,35.060001,39.93,37.340271,32340400
2006,2,UA,19977,United Air Lines Inc.,UA,United Air Lines Inc.,3,39.5,40.049999,26.02,31.02,29.008146,103103800
2006,3,UA,19977,United Air Lines Inc.,UA,United Air Lines Inc.,3,30.799999,32.169998,21.9,26.57,24.846758,142784100
2006,4,UA,19977,United Air Lines Inc.,UA,United Air Lines Inc.,3,26.969999,46.540001,26.77,44,41.146305,195446100
2007,1,UA,19977,United Air Lines Inc.,UA,United Air Lines Inc.,3,44.799999,51.57,36.639999,38.169998,35.694416,204664800
2007,2,UA,19977,United Air Lines Inc.,UA,United Air Lines Inc.,3,38.299999,44.32,31.620001,40.59,37.957466,221401100
2007,3,UA,19977,United Air Lines Inc.,UA,United Air Lines Inc.,3,40.509998,50,35.900002,46.529999,43.512215,207263900
2007,4,UA,19977,United Air Lines Inc.,UA,United Air Lines Inc.,3,46.529999,51.599998,33.48,35.66,33.34721,188072300
2008,1,UA,19977,United Air Lines Inc.,UA,United Air Lines Inc.,3,35.25,41.470001,19.709999,21.530001,21.530001,269733400
2008,2,UA,19977,United Air Lines Inc.,UA,United Air Lines Inc.,3,22.1,24.870001,5.22,5.22,5.22,517590300
2008,3,UA,19977,United Air Lines Inc.,UA,United Air Lines Inc.,3,5.01,15.84,2.8,8.79,8.79,1413786200
2008,4,UA,19977,United Air Lines Inc.,UA,United Air Lines Inc.,3,8.84,16.73,4.55,11.02,11.02,719692400
2009,1,UA,19977,United Air Lines Inc.,UA,United Air Lines Inc.,3,11.08,12.88,3.45,4.48,4.48,487114300
2009,2,UA,19977,United Air Lines Inc.,UA,United Air Lines Inc.,3,4.45,6.9,3.08,3.19,3.19,544530300
2009,3,UA,19977,United Air Lines Inc.,UA,United Air Lines Inc.,3,3.19,9.77,3.07,9.22,9.22,596264200
2009,4,UA,19977,United Air Lines Inc.,UA,United Air Lines Inc.,3,8.39,13.33,6.23,12.91,12.91,849987500
2010,1,UA,19977,United Air Lines Inc.,UA,United Air Lines Inc.,3,12.99,20.59,12.13,19.549999,19.549999,638789300
2010,2,UA,19977,United Air Lines Inc.,UA,United Air Lines Inc.,3,19.530001,24.59,16.389999,20.559999,20.559999,643833000
2010,3,UA,19977,United Air Lines Inc.,UA,United Air Lines Inc.,3,20.65,25,18.42,23.66,23.66,360379300
2010,4,UA,19977,United Air Lines Inc.,UA,United Air Lines Inc.,3,25,29.75,23.1,23.82,23.82,333344300
2011,1,UA,19977,United Air Lines Inc.,UA,United Air Lines Inc.,3,24.129999,27.719999,21.65,22.99,22.99,450940500
2011,2,UA,19977,United Air Lines Inc.,UA,United Air Lines Inc.,3,23.34,26.84,19.32,22.629999,22.629999,473829800
2011,3,UA,19977,United Air Lines Inc.,UA,United Air Lines Inc.,3,22.799999,23.280001,15.92,19.379999,19.379999,468047200
2011,4,UA,19977,United Air Lines Inc.,UA,United Air Lines Inc.,3,19.16,21.450001,15.51,18.870001,18.870001,367730000
2012,1,UA,19977,United Air Lines Inc.,UA,United Air Lines Inc.,3,19.23,25.84,17.25,21.5,21.5,428035900
2012,2,UA,19977,United Air Lines Inc.,UA,United Air Lines Inc.,3,21.51,25.5,20.549999,24.33,24.33,337714600
2012,3,UA,19977,United Air Lines Inc.,UA,United Air Lines Inc.,3,24.43,24.950001,17.450001,19.5,19.5,303591400
2012,4,UA,19977,United Air Lines Inc.,UA,United Air Lines Inc.,3,19.48,24.23,18.85,23.379999,23.379999,235333900
2013,1,UA,19977,United Air Lines Inc.,UA,United Air Lines Inc.,3,23.83,32.950001,23.620001,32.009998,32.009998,294529900
2013,2,UA,19977,United Air Lines Inc.,UA,United Air Lines Inc.,3,31.27,35.27,27.9,31.290001,31.290001,263361100
2013,3,UA,19977,United Air Lines Inc.,UA,United Air Lines Inc.,3,31.299999,36.740002,27.32,30.709999,30.709999,301257500
2013,4,UA,19977,United Air Lines Inc.,UA,United Air Lines Inc.,3,30.83,40.189999,29.110001,37.830002,37.830002,312973000
2014,1,UA,19977,United Air Lines Inc.,UA,United Air Lines Inc.,3,37.700001,49.200001,37.5,44.630001,44.630001,338255100
2014,2,UA,19977,United Air Lines Inc.,UA,United Air Lines Inc.,3,45.970001,48.200001,38.060001,41.07,41.07,377279200
2014,3,UA,19977,United Air Lines Inc.,UA,United Air Lines Inc.,3,41.740002,52.450001,36.650002,46.790001,46.790001,377958200
2014,4,UA,19977,United Air Lines Inc.,UA,United Air Lines Inc.,3,45.619999,67.769997,39.459999,66.889999,66.889999,433539600
2015,1,UA,19977,United Air Lines Inc.,UA,United Air Lines Inc.,3,67.739998,74.519997,62.369999,67.25,67.25,342380200
2015,2,UA,19977,United Air Lines Inc.,UA,United Air Lines Inc.,3,65.059998,65.849998,49.849998,53.009998,53.009998,379071500
2015,3,UA,19977,United Air Lines Inc.,UA,United Air Lines Inc.,3,54.049999,62.209999,49.200001,53.049999,53.049999,454036400
2015,4,UA,19977,United Air Lines Inc.,UA,United Air Lines Inc.,3,52.950001,61.869999,49.759998,57.299999,57.299999,332642100
2016,1,UA,19977,United Air Lines Inc.,UA,United Air Lines Inc.,3,55.790001,61.41,42.169998,59.860001,59.860001,376401300
2016,2,UA,19977,United Air Lines Inc.,UA,United Air Lines Inc.,3,57.43,58.900002,37.41,41.040001,41.040001,387636000
2016,3,UA,19977,United Air Lines Inc.,UA,United Air Lines Inc.,3,41.02,54.529999,37.639999,52.470001,52.470001,302496600
2016,4,UA,19977,United Air Lines Inc.,UA,United Air Lines Inc.,3,52.240002,76.800003,51.34,72.879997,72.879997,283435200
2017,1,UA,19977,United Air Lines Inc.,UA,United Air Lines Inc.,3,74.019997,76.75,64.160004,70.639999,70.639999,241722400
2017,2,UA,19977,United Air Lines Inc.,UA,United Air Lines Inc.,3,70.690002,83.040001,67.550003,75.25,75.25,244096800
2017,3,UA,19977,United Air Lines Inc.,UA,United Air Lines Inc.,3,75.849998,81.389999,57.34,60.880001,60.880001,292580600
2017,4,UA,19977,United Air Lines Inc.,UA,United Air Lines Inc.,3,60.900002,69.620003,56.509998,67.400002,67.400002,310072500
2018,1,UA,19977,United Air Lines Inc.,UA,United Air Lines Inc.,3,67.900002,79,60.439999,69.470001,69.470001,285929300
2018,2,UA,19977,United Air Lines Inc.,UA,United Air Lines Inc.,3,69.120003,75.529999,64.800003,69.730003,69.730003,217736300
2018,3,UA,19977,United Air Lines Inc.,UA,United Air Lines Inc.,3,69.400002,91.389999,67.940002,89.059998,89.059998,202355700
2018,4,UA,19977,United Air Lines Inc.,UA,United Air Lines Inc.,3,89.290001,97.849998,78.870003,83.730003,83.730003,244806700
2019,1,UA,19977,United Air Lines Inc.,UA,United Air Lines Inc.,3,81.690002,90.93,77.019997,79.779999,79.779999,212406800
2019,2,UA,19977,United Air Lines Inc.,UA,United Air Lines Inc.,3,80.209999,90.160004,77.349998,87.550003,87.550003,155706700
2019,3,UA,19977,United Air Lines Inc.,UA,United Air Lines Inc.,3,88.839996,96.029999,80.779999,88.410004,88.410004,163248000
2019,4,UA,19977,United Air Lines Inc.,UA,United Air Lines Inc.,3,89.150002,95.160004,80.870003,88.089996,88.089996,138967400
2020,1,UA,19977,United Air Lines Inc.,UA,United Air Lines Inc.,3,89.57,90.57,17.799999,31.549999,31.549999,670806800
2020,2,UA,19977,United Air Lines Inc.,UA,United Air Lines Inc.,3,29.51,48.950001,18.18,34.610001,34.610001,3797019600
2020,3,UA,19977,United Air Lines Inc.,UA,United Air Lines Inc.,3,36.919998,39.860001,29.23,34.75,34.75,2466189700
2020,4,UA,19977,United Air Lines Inc.,UA,United Air Lines Inc.,3,35.23,51.310001,32.16,43.25,43.25,1316400900
2021,1,UA,19977,United Air Lines Inc.,UA,United Air Lines Inc.,3,43.68,63.700001,39.169998,57.540001,57.540001,992947400
2021,2,UA,19977,United Air Lines Inc.,UA,United Air Lines Inc.,3,57.66,61.34,48.900002,52.290001,52.290001,829963300
2021,3,UA,19977,United Air Lines Inc.,UA,United Air Lines Inc.,3,52.790001,53.759998,42.560001,47.57,47.57,747990000
2021,4,UA,19977,United Air Lines Inc.,UA,United Air Lines Inc.,3,48.900002,54.52,38.880001,43.779999,43.779999,814100300
2022,1,UA,19977,United Air Lines Inc.,UA,United Air Lines Inc.,3,44.669998,50.939999,30.540001,46.360001,46.360001,925269900
2022,2,UA,19977,United Air Lines Inc.,UA,United Air Lines Inc.,3,46.509998,53.119999,33.73,35.419998,35.419998,834619500
2022,3,UA,19977,United Air Lines Inc.,UA,United Air Lines Inc.,3,35.509998,41.970001,31.799999,32.529999,32.529999,620876500
2022,4,UA,19977,United Air Lines Inc.,UA,United Air Lines Inc.,3,32.360001,45.970001,31.58,37.700001,37.700001,529177700
2023,1,UA,19977,United Air Lines Inc.,UA,United Air Lines Inc.,3,38.220001,55.040001,36.82,44.25,44.25,534597300
2023,2,UA,19977,United Air Lines Inc.,UA,United Air Lines Inc.,3,43.68,56.970001,41.049999,54.869999,54.869999,438365500
2023,3,UA,19977,United Air Lines Inc.,UA,United Air Lines Inc.,3,54.490002,58.23,41.619999,42.299999,42.299999,368329800
2023,4,UA,19977,United Air Lines Inc.,UA,United Air Lines Inc.,3,42.32,43.869999,33.68,41.259998,41.259998,513794500
2024,1,UA,19977,United Air Lines Inc.,UA,United Air Lines Inc.,3,41.130001,48,37.68,47.880001,47.880001,548749700
